company_id,company_name,year,health_score,cfo_quality,distress_flag
ABB,Abbott India Ltd,2012-12,50.0,0,False
ABB,Abbott India Ltd,2014-03,50.0,0,False
ABB,Abbott India Ltd,2015-03,50.0,0,False
ABB,Abbott India Ltd,2016-03,46.8,0,False
ABB,Abbott India Ltd,2017-03,46.92,0,False
ABB,Abbott India Ltd,2018-03,46.83,0,False
ABB,Abbott India Ltd,2019-03,47.11,0,False
ABB,Abbott India Ltd,2020-03,46.75,0,False
ABB,Abbott India Ltd,2021-03,46.71,0,False
ABB,Abbott India Ltd,2022-03,46.71,0,False
ABB,Abbott India Ltd,2023-03,46.76,0,False
ABB,Abbott India Ltd,2024-03,46.84,0,False
ADANIENSOL,Adani Energy Solutions Ltd,2014-03,50.0,0,False
ADANIENSOL,Adani Energy Solutions Ltd,2015-03,46.0,0,True
ADANIENSOL,Adani Energy Solutions Ltd,2016-03,46.44,0,False
ADANIENSOL,Adani Energy Solutions Ltd,2017-03,46.44,0,False
ADANIENSOL,Adani Energy Solutions Ltd,2018-03,46.49,0,False
ADANIENSOL,Adani Energy Solutions Ltd,2019-03,46.43,0,False
ADANIENSOL,Adani Energy Solutions Ltd,2020-03,46.42,0,False
ADANIENSOL,Adani Energy Solutions Ltd,2021-03,46.42,0,False
ADANIENSOL,Adani Energy Solutions Ltd,2022-03,46.43,0,False
ADANIENSOL,Adani Energy Solutions Ltd,2023-03,46.4,0,False
ADANIENSOL,Adani Energy Solutions Ltd,2024-03,46.45,0,False
ADANIENT,Adani Enterprises Ltd,2013-03,46.19,0,False
ADANIENT,Adani Enterprises Ltd,2014-03,46.42,0,False
ADANIENT,Adani Enterprises Ltd,2015-03,46.31,0,False
ADANIENT,Adani Enterprises Ltd,2016-03,46.6,0,False
ADANIENT,Adani Enterprises Ltd,2017-03,46.48,0,False
ADANIENT,Adani Enterprises Ltd,2018-03,46.38,0,False
ADANIENT,Adani Enterprises Ltd,2019-03,46.7,0,False
ADANIENT,Adani Enterprises Ltd,2020-03,46.58,0,False
ADANIENT,Adani Enterprises Ltd,2021-03,46.4,0,False
ADANIENT,Adani Enterprises Ltd,2022-03,46.02,0,False
ADANIENT,Adani Enterprises Ltd,2023-03,46.56,0,False
ADANIENT,Adani Enterprises Ltd,2024-03,46.25,0,False
ADANIGREEN,Adani Green Energy Ltd,2017-03,46.33,0,False
ADANIGREEN,Adani Green Energy Ltd,2018-03,46.02,0,False
ADANIGREEN,Adani Green Energy Ltd,2019-03,46.18,0,False
ADANIGREEN,Adani Green Energy Ltd,2020-03,46.15,0,False
ADANIGREEN,Adani Green Energy Ltd,2021-03,45.72,0,False
ADANIGREEN,Adani Green Energy Ltd,2022-03,44.95,0,False
ADANIGREEN,Adani Green Energy Ltd,2023-03,46.26,0,False
ADANIGREEN,Adani Green Energy Ltd,2024-03,45.83,0,False
ADANIPORTS,"Adani Ports & Special Economic Zone Ltd
",2013-03,46.41,0,False
ADANIPORTS,"Adani Ports & Special Economic Zone Ltd
",2014-03,46.49,0,False
ADANIPORTS,"Adani Ports & Special Economic Zone Ltd
",2015-03,46.54,0,False
ADANIPORTS,"Adani Ports & Special Economic Zone Ltd
",2016-03,46.47,0,False
ADANIPORTS,"Adani Ports & Special Economic Zone Ltd
",2017-03,46.59,0,False
ADANIPORTS,"Adani Ports & Special Economic Zone Ltd
",2018-03,46.61,0,False
ADANIPORTS,"Adani Ports & Special Economic Zone Ltd
",2019-03,46.6,0,False
ADANIPORTS,"Adani Ports & Special Economic Zone Ltd
",2020-03,46.73,0,False
ADANIPORTS,"Adani Ports & Special Economic Zone Ltd
",2021-03,46.36,0,False
ADANIPORTS,"Adani Ports & Special Economic Zone Ltd
",2022-03,46.68,0,False
ADANIPORTS,"Adani Ports & Special Economic Zone Ltd
",2023-03,46.4,0,False
ADANIPORTS,"Adani Ports & Special Economic Zone Ltd
",2024-03,46.8,0,False
ADANIPOWER,Adani Power Ltd,2013-03,45.89,0,False
ADANIPOWER,Adani Power Ltd,2014-03,46.13,0,False
ADANIPOWER,Adani Power Ltd,2015-03,46.13,0,False
ADANIPOWER,Adani Power Ltd,2016-03,46.24,0,False
ADANIPOWER,Adani Power Ltd,2017-03,45.36,0,False
ADANIPOWER,Adani Power Ltd,2018-03,42.83,0,False
ADANIPOWER,Adani Power Ltd,2019-03,46.33,0,False
ADANIPOWER,Adani Power Ltd,2020-03,46.12,0,False
ADANIPOWER,Adani Power Ltd,2021-03,46.5,0,False
ADANIPOWER,Adani Power Ltd,2022-03,46.78,0,False
ADANIPOWER,Adani Power Ltd,2023-03,46.84,0,False
ADANIPOWER,Adani Power Ltd,2024-03,47.12,0,False
AMBUJACEM,Ambuja Cements Ltd,2012-12,46.69,0,False
AMBUJACEM,Ambuja Cements Ltd,2013-12,46.66,0,False
AMBUJACEM,Ambuja Cements Ltd,2014-12,46.68,0,False
AMBUJACEM,Ambuja Cements Ltd,2015-12,46.66,0,False
AMBUJACEM,Ambuja Cements Ltd,2016-12,46.58,0,False
AMBUJACEM,Ambuja Cements Ltd,2017-12,46.7,0,False
AMBUJACEM,Ambuja Cements Ltd,2018-12,46.66,0,False
AMBUJACEM,Ambuja Cements Ltd,2019-12,46.74,0,False
AMBUJACEM,Ambuja Cements Ltd,2020-12,46.75,0,False
AMBUJACEM,Ambuja Cements Ltd,2021-12,46.75,0,False
AMBUJACEM,Ambuja Cements Ltd,2024-03,46.54,0,False
APOLLOHOSP,"Apollo Hospitals
Chain of Indian private hospitals",2013-03,46.57,0,False
APOLLOHOSP,"Apollo Hospitals
Chain of Indian private hospitals",2014-03,46.57,0,False
APOLLOHOSP,"Apollo Hospitals
Chain of Indian private hospitals",2015-03,46.56,0,False
APOLLOHOSP,"Apollo Hospitals
Chain of Indian private hospitals",2016-03,46.53,0,False
APOLLOHOSP,"Apollo Hospitals
Chain of Indian private hospitals",2017-03,46.52,0,False
APOLLOHOSP,"Apollo Hospitals
Chain of Indian private hospitals",2018-03,46.52,0,False
APOLLOHOSP,"Apollo Hospitals
Chain of Indian private hospitals",2019-03,46.53,0,False
APOLLOHOSP,"Apollo Hospitals
Chain of Indian private hospitals",2020-03,46.56,0,False
APOLLOHOSP,"Apollo Hospitals
Chain of Indian private hospitals",2021-03,46.54,0,False
APOLLOHOSP,"Apollo Hospitals
Chain of Indian private hospitals",2022-03,46.6,0,False
APOLLOHOSP,"Apollo Hospitals
Chain of Indian private hospitals",2023-03,46.58,0,False
APOLLOHOSP,"Apollo Hospitals
Chain of Indian private hospitals",2024-03,46.57,0,False
ASIANPAINT,"Asian Paints
Indian Multi-National Paint and Coating Manufacturing Company",2013-03,46.7,0,False
ASIANPAINT,"Asian Paints
Indian Multi-National Paint and Coating Manufacturing Company",2014-03,46.7,0,False
ASIANPAINT,"Asian Paints
Indian Multi-National Paint and Coating Manufacturing Company",2015-03,46.71,0,False
ASIANPAINT,"Asian Paints
Indian Multi-National Paint and Coating Manufacturing Company",2016-03,46.73,0,False
ASIANPAINT,"Asian Paints
Indian Multi-National Paint and Coating Manufacturing Company",2017-03,46.76,0,False
ASIANPAINT,"Asian Paints
Indian Multi-National Paint and Coating Manufacturing Company",2018-03,46.74,0,False
ASIANPAINT,"Asian Paints
Indian Multi-National Paint and Coating Manufacturing Company",2019-03,46.7,0,False
ASIANPAINT,"Asian Paints
Indian Multi-National Paint and Coating Manufacturing Company",2020-03,46.74,0,False
ASIANPAINT,"Asian Paints
Indian Multi-National Paint and Coating Manufacturing Company",2021-03,46.78,0,False
ASIANPAINT,"Asian Paints
Indian Multi-National Paint and Coating Manufacturing Company",2022-03,46.69,0,False
ASIANPAINT,"Asian Paints
Indian Multi-National Paint and Coating Manufacturing Company",2023-03,46.75,0,False
ASIANPAINT,"Asian Paints
Indian Multi-National Paint and Coating Manufacturing Company",2024-03,46.77,0,False
AXISBANK,Axis Bank Ltd,2013-03,46.09,0,False
AXISBANK,Axis Bank Ltd,2014-03,46.55,0,False
AXISBANK,Axis Bank Ltd,2015-03,46.01,0,True
AXISBANK,Axis Bank Ltd,2016-03,46.03,0,True
AXISBANK,Axis Bank Ltd,2017-03,45.44,0,False
AXISBANK,Axis Bank Ltd,2018-03,42.53,0,True
AXISBANK,Axis Bank Ltd,2019-03,45.39,0,False
AXISBANK,Axis Bank Ltd,2020-03,44.64,0,False
AXISBANK,Axis Bank Ltd,2021-03,44.38,0,False
AXISBANK,Axis Bank Ltd,2022-03,46.74,0,False
AXISBANK,Axis Bank Ltd,2023-03,48.56,0,False
AXISBANK,Axis Bank Ltd,2024-03,48.1,0,True
BAJAJ-AUTO,Bajaj Auto Ltd,2013-03,52.71,0,False
BAJAJ-AUTO,Bajaj Auto Ltd,2014-03,53.26,0,False
BAJAJ-AUTO,Bajaj Auto Ltd,2015-03,47.65,0,False
BAJAJ-AUTO,Bajaj Auto Ltd,2016-03,54.88,0,False
BAJAJ-AUTO,Bajaj Auto Ltd,2017-03,54.64,0,False
BAJAJ-AUTO,Bajaj Auto Ltd,2018-03,55.19,0,False
BAJAJ-AUTO,Bajaj Auto Ltd,2019-03,49.13,0,False
BAJAJ-AUTO,Bajaj Auto Ltd,2020-03,49.93,0,False
BAJAJ-AUTO,Bajaj Auto Ltd,2021-03,47.88,0,False
BAJAJ-AUTO,Bajaj Auto Ltd,2022-03,47.94,0,False
BAJAJ-AUTO,Bajaj Auto Ltd,2023-03,47.07,0,False
BAJAJ-AUTO,Bajaj Auto Ltd,2024-03,47.04,0,False
BAJAJFINSV,Bajaj Finserv Ltd,2013-03,46.41,0,True
BAJAJFINSV,Bajaj Finserv Ltd,2014-03,46.32,0,True
BAJAJFINSV,Bajaj Finserv Ltd,2015-03,46.27,0,True
BAJAJFINSV,Bajaj Finserv Ltd,2016-03,46.14,0,True
BAJAJFINSV,Bajaj Finserv Ltd,2017-03,46.12,0,True
BAJAJFINSV,Bajaj Finserv Ltd,2018-03,45.82,0,True
BAJAJFINSV,Bajaj Finserv Ltd,2019-03,45.38,0,True
BAJAJFINSV,Bajaj Finserv Ltd,2020-03,45.4,0,True
BAJAJFINSV,Bajaj Finserv Ltd,2021-03,46.42,0,False
BAJAJFINSV,Bajaj Finserv Ltd,2022-03,45.44,0,True
BAJAJFINSV,Bajaj Finserv Ltd,2023-03,44.8,0,True
BAJAJFINSV,Bajaj Finserv Ltd,2024-03,44.02,0,True
BAJAJHLDNG,Bajaj Holdings & Investment Ltd,2013-03,50.0,0,False
BAJAJHLDNG,Bajaj Holdings & Investment Ltd,2014-03,50.0,0,False
BAJAJHLDNG,Bajaj Holdings & Investment Ltd,2015-03,50.0,0,False
BAJAJHLDNG,Bajaj Holdings & Investment Ltd,2016-03,50.0,0,False
BAJAJHLDNG,Bajaj Holdings & Investment Ltd,2017-03,50.0,0,True
BAJAJHLDNG,Bajaj Holdings & Investment Ltd,2018-03,50.0,0,False
BAJAJHLDNG,Bajaj Holdings & Investment Ltd,2019-03,50.0,0,False
BAJAJHLDNG,Bajaj Holdings & Investment Ltd,2020-03,46.99,0,False
BAJAJHLDNG,Bajaj Holdings & Investment Ltd,2021-03,47.9,0,False
BAJAJHLDNG,Bajaj Holdings & Investment Ltd,2022-03,48.58,0,False
BAJAJHLDNG,Bajaj Holdings & Investment Ltd,2023-03,47.64,0,False
BAJAJHLDNG,Bajaj Holdings & Investment Ltd,2024-03,51.79,0,False
BAJFINANCE,Bajaj Finance Ltd,2015-03,46.42,0,True
BAJFINANCE,Bajaj Finance Ltd,2016-03,46.49,0,True
BAJFINANCE,Bajaj Finance Ltd,2017-03,46.68,0,True
BAJFINANCE,Bajaj Finance Ltd,2018-03,47.14,0,True
BAJFINANCE,Bajaj Finance Ltd,2019-03,47.14,0,True
BAJFINANCE,Bajaj Finance Ltd,2020-03,48.32,0,True
BAJFINANCE,Bajaj Finance Ltd,2021-03,52.55,0,True
BAJFINANCE,Bajaj Finance Ltd,2022-03,46.52,0,True
BAJFINANCE,Bajaj Finance Ltd,2023-03,44.61,0,True
BAJFINANCE,Bajaj Finance Ltd,2024-03,51.76,0,True
BANKBARODA,Bank of Baroda,2013-03,46.54,0,False
BANKBARODA,Bank of Baroda,2014-03,46.98,0,False
BANKBARODA,Bank of Baroda,2015-03,46.32,0,False
BANKBARODA,Bank of Baroda,2016-03,42.92,0,True
BANKBARODA,Bank of Baroda,2017-03,45.3,0,False
BANKBARODA,Bank of Baroda,2018-03,42.1,0,True
BANKBARODA,Bank of Baroda,2019-03,44.57,0,True
BANKBARODA,Bank of Baroda,2020-03,43.9,0,False
BANKBARODA,Bank of Baroda,2021-03,44.36,0,True
BANKBARODA,Bank of Baroda,2022-03,45.29,0,False
BANKBARODA,Bank of Baroda,2023-03,46.46,0,True
BANKBARODA,Bank of Baroda,2024-03,46.48,0,True
BEL,Bharat Electronics Ltd,2013-03,66.59,0,True
BEL,Bharat Electronics Ltd,2014-03,64.58,0,True
BEL,Bharat Electronics Ltd,2015-03,69.22,0,False
BEL,Bharat Electronics Ltd,2016-03,61.42,0,False
BEL,Bharat Electronics Ltd,2017-03,60.09,0,True
BEL,Bharat Electronics Ltd,2018-03,53.05,0,True
BEL,Bharat Electronics Ltd,2019-03,51.87,0,False
BEL,Bharat Electronics Ltd,2020-03,51.45,0,False
BEL,Bharat Electronics Ltd,2021-03,51.75,0,False
BEL,Bharat Electronics Ltd,2022-03,51.63,0,False
BEL,Bharat Electronics Ltd,2023-03,52.22,0,False
BEL,Bharat Electronics Ltd,2024-03,53.41,0,False
BHARTIARTL,Bharti Airtel Ltd,2013-03,46.63,0,False
BHARTIARTL,Bharti Airtel Ltd,2014-03,46.55,0,False
BHARTIARTL,Bharti Airtel Ltd,2015-03,46.65,0,False
BHARTIARTL,Bharti Airtel Ltd,2016-03,46.91,0,False
BHARTIARTL,Bharti Airtel Ltd,2017-03,46.43,0,False
BHARTIARTL,Bharti Airtel Ltd,2018-03,46.55,0,False
BHARTIARTL,Bharti Airtel Ltd,2019-03,46.25,0,False
BHARTIARTL,Bharti Airtel Ltd,2020-03,46.08,0,False
BHARTIARTL,Bharti Airtel Ltd,2021-03,47.0,0,False
BHARTIARTL,Bharti Airtel Ltd,2022-03,46.85,0,False
BHARTIARTL,Bharti Airtel Ltd,2023-03,47.19,0,False
BHARTIARTL,Bharti Airtel Ltd,2024-03,47.25,0,False
BHEL,"Bharat Heavy Electricals Limited
",2013-03,46.74,0,False
BHEL,"Bharat Heavy Electricals Limited
",2014-03,46.75,0,False
BHEL,"Bharat Heavy Electricals Limited
",2015-03,46.67,0,False
BHEL,"Bharat Heavy Electricals Limited
",2016-03,46.58,0,False
BHEL,"Bharat Heavy Electricals Limited
",2017-03,46.58,0,False
BHEL,"Bharat Heavy Electricals Limited
",2018-03,46.64,0,False
BHEL,"Bharat Heavy Electricals Limited
",2019-03,46.53,0,True
BHEL,"Bharat Heavy Electricals Limited
",2020-03,46.53,0,True
BHEL,"Bharat Heavy Electricals Limited
",2021-03,46.55,0,False
BHEL,"Bharat Heavy Electricals Limited
",2022-03,46.56,0,False
BHEL,"Bharat Heavy Electricals Limited
",2023-03,46.59,0,True
BHEL,"Bharat Heavy Electricals Limited
",2024-03,46.49,0,True
BOSCHLTD,Bosch Ltd,2012-12,46.99,0,False
BOSCHLTD,Bosch Ltd,2013-12,50.0,0,False
BOSCHLTD,Bosch Ltd,2015-03,46.85,0,False
BOSCHLTD,Bosch Ltd,2016-03,46.87,0,False
BOSCHLTD,Bosch Ltd,2017-03,46.83,0,False
BOSCHLTD,Bosch Ltd,2018-03,47.75,0,False
BOSCHLTD,Bosch Ltd,2019-03,46.96,0,False
BOSCHLTD,Bosch Ltd,2020-03,46.79,0,False
BOSCHLTD,Bosch Ltd,2021-03,46.69,0,False
BOSCHLTD,Bosch Ltd,2022-03,46.69,0,False
BOSCHLTD,Bosch Ltd,2023-03,46.9,0,False
BOSCHLTD,Bosch Ltd,2024-03,46.75,0,False
BPCL,Bharat Petroleum Corporation Ltd,2013-03,46.54,0,False
BPCL,Bharat Petroleum Corporation Ltd,2014-03,46.59,0,False
BPCL,Bharat Petroleum Corporation Ltd,2015-03,46.85,0,False
BPCL,Bharat Petroleum Corporation Ltd,2016-03,46.65,0,False
BPCL,Bharat Petroleum Corporation Ltd,2017-03,46.4,0,False
BPCL,Bharat Petroleum Corporation Ltd,2018-03,46.69,0,False
BPCL,Bharat Petroleum Corporation Ltd,2019-03,46.54,0,False
BPCL,Bharat Petroleum Corporation Ltd,2020-03,46.39,0,False
BPCL,Bharat Petroleum Corporation Ltd,2021-03,47.19,0,False
BPCL,Bharat Petroleum Corporation Ltd,2022-03,46.9,0,False
BPCL,Bharat Petroleum Corporation Ltd,2023-03,46.64,0,False
BPCL,Bharat Petroleum Corporation Ltd,2024-03,47.33,0,False
BRITANNIA,Britannia Industries Ltd,2013-03,46.62,0,False
BRITANNIA,Britannia Industries Ltd,2014-03,46.76,0,False
BRITANNIA,Britannia Industries Ltd,2015-03,47.02,0,False
BRITANNIA,Britannia Industries Ltd,2016-03,47.0,0,False
BRITANNIA,Britannia Industries Ltd,2017-03,47.02,0,False
BRITANNIA,Britannia Industries Ltd,2018-03,46.91,0,False
BRITANNIA,Britannia Industries Ltd,2019-03,46.92,0,False
BRITANNIA,Britannia Industries Ltd,2020-03,46.64,0,False
BRITANNIA,Britannia Industries Ltd,2021-03,46.71,0,False
BRITANNIA,Britannia Industries Ltd,2022-03,46.69,0,False
BRITANNIA,Britannia Industries Ltd,2023-03,46.67,0,False
BRITANNIA,Britannia Industries Ltd,2024-03,46.74,0,False
CANBK,Canara Bank,2013-03,46.05,0,False
CANBK,Canara Bank,2014-03,45.96,0,False
CANBK,Canara Bank,2015-03,45.69,0,False
CANBK,Canara Bank,2016-03,44.27,0,False
CANBK,Canara Bank,2017-03,44.55,0,False
CANBK,Canara Bank,2018-03,42.61,0,True
CANBK,Canara Bank,2019-03,43.73,0,False
CANBK,Canara Bank,2020-03,42.83,0,True
CANBK,Canara Bank,2021-03,43.53,0,False
CANBK,Canara Bank,2022-03,42.84,0,False
CANBK,Canara Bank,2023-03,42.45,0,True
CANBK,Canara Bank,2024-03,44.53,0,False
CHOLAFIN,Cholamandalam Investment & Finance Company Ltd,2013-03,47.08,0,True
CHOLAFIN,Cholamandalam Investment & Finance Company Ltd,2014-03,47.46,0,True
CHOLAFIN,Cholamandalam Investment & Finance Company Ltd,2015-03,50.0,0,True
CHOLAFIN,Cholamandalam Investment & Finance Company Ltd,2016-03,47.2,0,True
CHOLAFIN,Cholamandalam Investment & Finance Company Ltd,2017-03,47.05,0,True
CHOLAFIN,Cholamandalam Investment & Finance Company Ltd,2018-03,50.0,0,True
CHOLAFIN,Cholamandalam Investment & Finance Company Ltd,2019-03,48.48,0,True
CHOLAFIN,Cholamandalam Investment & Finance Company Ltd,2020-03,50.0,0,True
CHOLAFIN,Cholamandalam Investment & Finance Company Ltd,2021-03,46.38,0,True
CHOLAFIN,Cholamandalam Investment & Finance Company Ltd,2022-03,46.77,0,True
CHOLAFIN,Cholamandalam Investment & Finance Company Ltd,2023-03,46.08,0,True
CHOLAFIN,Cholamandalam Investment & Finance Company Ltd,2024-03,46.02,0,True
CIPLA,"Cipla Ltd
",2013-03,47.05,0,False
CIPLA,"Cipla Ltd
",2014-03,47.07,0,False
CIPLA,"Cipla Ltd
",2015-03,47.1,0,False
CIPLA,"Cipla Ltd
",2016-03,47.06,0,False
CIPLA,"Cipla Ltd
",2017-03,47.18,0,False
CIPLA,"Cipla Ltd
",2018-03,47.22,0,False
CIPLA,"Cipla Ltd
",2019-03,47.24,0,False
CIPLA,"Cipla Ltd
",2020-03,47.37,0,False
CIPLA,"Cipla Ltd
",2021-03,47.56,0,False
CIPLA,"Cipla Ltd
",2022-03,47.79,0,False
CIPLA,"Cipla Ltd
",2023-03,47.71,0,False
CIPLA,"Cipla Ltd
",2024-03,47.95,0,False
COALINDIA,Coal India Ltd,2013-03,50.5,0,False
COALINDIA,Coal India Ltd,2014-03,50.89,0,False
COALINDIA,Coal India Ltd,2015-03,50.58,0,False
COALINDIA,Coal India Ltd,2016-03,51.04,0,False
COALINDIA,Coal India Ltd,2017-03,49.64,0,False
COALINDIA,Coal India Ltd,2018-03,48.9,0,False
COALINDIA,Coal India Ltd,2019-03,51.98,0,False
COALINDIA,Coal India Ltd,2020-03,51.18,0,False
COALINDIA,Coal India Ltd,2021-03,50.72,0,False
COALINDIA,Coal India Ltd,2022-03,52.1,0,False
COALINDIA,Coal India Ltd,2023-03,55.96,0,False
COALINDIA,Coal India Ltd,2024-03,56.74,0,False
DABUR,Dabur India Ltd,2013-03,46.63,0,False
DABUR,Dabur India Ltd,2014-03,46.67,0,False
DABUR,Dabur India Ltd,2015-03,46.66,0,False
DABUR,Dabur India Ltd,2016-03,46.67,0,False
DABUR,Dabur India Ltd,2017-03,46.66,0,False
DABUR,Dabur India Ltd,2018-03,46.67,0,False
DABUR,Dabur India Ltd,2019-03,46.7,0,False
DABUR,Dabur India Ltd,2020-03,46.69,0,False
DABUR,Dabur India Ltd,2021-03,46.73,0,False
DABUR,Dabur India Ltd,2022-03,46.7,0,False
DABUR,Dabur India Ltd,2023-03,46.67,0,False
DABUR,Dabur India Ltd,2024-03,46.66,0,False
DIVISLAB,Divis Laboratories Ltd,2013-03,47.01,0,False
DIVISLAB,Divis Laboratories Ltd,2014-03,47.12,0,False
DIVISLAB,Divis Laboratories Ltd,2015-03,47.17,0,False
DIVISLAB,Divis Laboratories Ltd,2016-03,47.05,0,False
DIVISLAB,Divis Laboratories Ltd,2017-03,47.3,0,False
DIVISLAB,Divis Laboratories Ltd,2018-03,47.55,0,False
DIVISLAB,Divis Laboratories Ltd,2019-03,47.17,0,False
DIVISLAB,Divis Laboratories Ltd,2020-03,47.03,0,False
DIVISLAB,Divis Laboratories Ltd,2021-03,48.66,0,False
DIVISLAB,Divis Laboratories Ltd,2022-03,49.33,0,False
DIVISLAB,Divis Laboratories Ltd,2023-03,48.44,0,False
DIVISLAB,Divis Laboratories Ltd,2024-03,47.49,0,False
DLF,DLF Ltd,2013-03,46.64,0,False
DLF,DLF Ltd,2014-03,46.69,0,False
DLF,DLF Ltd,2015-03,46.6,0,False
DLF,DLF Ltd,2016-03,46.59,0,False
DLF,DLF Ltd,2017-03,46.52,0,True
DLF,DLF Ltd,2018-03,46.52,0,False
DLF,DLF Ltd,2019-03,46.62,0,False
DLF,DLF Ltd,2020-03,46.76,0,False
DLF,DLF Ltd,2021-03,46.62,0,False
DLF,DLF Ltd,2022-03,46.67,0,False
DLF,DLF Ltd,2023-03,46.65,0,False
DLF,DLF Ltd,2024-03,46.62,0,False
DMART,Avenue Supermarts Ltd,2013-03,46.56,0,False
DMART,Avenue Supermarts Ltd,2014-03,46.57,0,False
DMART,Avenue Supermarts Ltd,2015-03,46.56,0,False
DMART,Avenue Supermarts Ltd,2016-03,46.56,0,False
DMART,Avenue Supermarts Ltd,2017-03,46.52,0,False
DMART,Avenue Supermarts Ltd,2018-03,46.66,0,False
DMART,Avenue Supermarts Ltd,2019-03,46.64,0,False
DMART,Avenue Supermarts Ltd,2020-03,46.54,0,False
DMART,Avenue Supermarts Ltd,2021-03,46.66,0,False
DMART,Avenue Supermarts Ltd,2022-03,46.66,0,False
DMART,Avenue Supermarts Ltd,2023-03,46.68,0,False
DMART,Avenue Supermarts Ltd,2024-03,46.7,0,False
DRREDDY,Dr Reddys Laboratories Ltd,2013-03,46.61,0,False
DRREDDY,Dr Reddys Laboratories Ltd,2014-03,46.63,0,False
DRREDDY,Dr Reddys Laboratories Ltd,2015-03,46.64,0,False
DRREDDY,Dr Reddys Laboratories Ltd,2016-03,46.7,0,False
DRREDDY,Dr Reddys Laboratories Ltd,2017-03,46.62,0,False
DRREDDY,Dr Reddys Laboratories Ltd,2018-03,46.62,0,False
DRREDDY,Dr Reddys Laboratories Ltd,2019-03,46.7,0,False
DRREDDY,Dr Reddys Laboratories Ltd,2020-03,46.7,0,False
DRREDDY,Dr Reddys Laboratories Ltd,2021-03,46.68,0,False
DRREDDY,Dr Reddys Laboratories Ltd,2022-03,46.65,0,False
DRREDDY,Dr Reddys Laboratories Ltd,2023-03,46.73,0,False
DRREDDY,Dr Reddys Laboratories Ltd,2024-03,46.69,0,False
EICHERMOT,Eicher Motors Ltd,2012-12,46.84,0,False
EICHERMOT,Eicher Motors Ltd,2013-12,46.74,0,False
EICHERMOT,Eicher Motors Ltd,2014-12,46.78,0,False
EICHERMOT,Eicher Motors Ltd,2016-03,48.02,0,False
EICHERMOT,Eicher Motors Ltd,2017-03,47.5,0,False
EICHERMOT,Eicher Motors Ltd,2018-03,47.54,0,False
EICHERMOT,Eicher Motors Ltd,2019-03,47.34,0,False
EICHERMOT,Eicher Motors Ltd,2020-03,46.81,0,False
EICHERMOT,Eicher Motors Ltd,2021-03,46.79,0,False
EICHERMOT,Eicher Motors Ltd,2022-03,46.8,0,False
EICHERMOT,Eicher Motors Ltd,2023-03,46.83,0,False
EICHERMOT,Eicher Motors Ltd,2024-03,46.79,0,False
GAIL,GAIL (India) Ltd,2013-03,46.53,0,False
GAIL,GAIL (India) Ltd,2014-03,46.59,0,False
GAIL,GAIL (India) Ltd,2015-03,46.61,0,False
GAIL,GAIL (India) Ltd,2016-03,46.67,0,False
GAIL,GAIL (India) Ltd,2017-03,46.76,0,False
GAIL,GAIL (India) Ltd,2018-03,46.81,0,False
GAIL,GAIL (India) Ltd,2019-03,46.76,0,False
GAIL,GAIL (India) Ltd,2020-03,46.65,0,False
GAIL,GAIL (India) Ltd,2021-03,46.79,0,False
GAIL,GAIL (India) Ltd,2022-03,46.83,0,False
GAIL,GAIL (India) Ltd,2023-03,46.49,0,False
GAIL,GAIL (India) Ltd,2024-03,46.74,0,False
GODREJCP,Godrej Consumer Products Ltd,2013-03,46.59,0,False
GODREJCP,Godrej Consumer Products Ltd,2014-03,46.6,0,False
GODREJCP,Godrej Consumer Products Ltd,2015-03,46.58,0,False
GODREJCP,Godrej Consumer Products Ltd,2016-03,46.59,0,False
GODREJCP,Godrej Consumer Products Ltd,2017-03,46.57,0,False
GODREJCP,Godrej Consumer Products Ltd,2018-03,46.64,0,False
GODREJCP,Godrej Consumer Products Ltd,2019-03,46.67,0,False
GODREJCP,Godrej Consumer Products Ltd,2020-03,46.62,0,False
GODREJCP,Godrej Consumer Products Ltd,2021-03,46.67,0,False
GODREJCP,Godrej Consumer Products Ltd,2022-03,46.64,0,False
GODREJCP,Godrej Consumer Products Ltd,2023-03,46.62,0,False
GODREJCP,Godrej Consumer Products Ltd,2024-03,46.52,0,False
GRASIM,Grasim Industries Ltd,2013-03,46.56,0,False
GRASIM,Grasim Industries Ltd,2014-03,46.62,0,False
GRASIM,Grasim Industries Ltd,2015-03,46.64,0,False
GRASIM,Grasim Industries Ltd,2016-03,46.62,0,False
GRASIM,Grasim Industries Ltd,2017-03,46.71,0,False
GRASIM,Grasim Industries Ltd,2018-03,46.45,0,True
GRASIM,Grasim Industries Ltd,2019-03,46.39,0,True
GRASIM,Grasim Industries Ltd,2020-03,46.66,0,False
GRASIM,Grasim Industries Ltd,2021-03,46.76,0,False
GRASIM,Grasim Industries Ltd,2022-03,46.72,0,False
GRASIM,Grasim Industries Ltd,2023-03,45.76,0,True
GRASIM,Grasim Industries Ltd,2024-03,45.52,0,True
HAL,Hindustan Aeronautics Ltd,2017-03,49.61,0,True
HAL,Hindustan Aeronautics Ltd,2018-03,48.75,0,True
HAL,Hindustan Aeronautics Ltd,2019-03,48.87,0,True
HAL,Hindustan Aeronautics Ltd,2020-03,49.32,0,False
HAL,Hindustan Aeronautics Ltd,2021-03,49.97,0,False
HAL,Hindustan Aeronautics Ltd,2022-03,51.01,0,False
HAL,Hindustan Aeronautics Ltd,2023-03,51.16,0,False
HAL,Hindustan Aeronautics Ltd,2024-03,51.99,0,False
HAVELLS,Havells India Ltd,2013-03,46.61,0,False
HAVELLS,Havells India Ltd,2014-03,46.6,0,False
HAVELLS,Havells India Ltd,2015-03,46.62,0,False
HAVELLS,Havells India Ltd,2016-03,46.67,0,False
HAVELLS,Havells India Ltd,2017-03,46.7,0,False
HAVELLS,Havells India Ltd,2018-03,46.67,0,False
HAVELLS,Havells India Ltd,2019-03,46.73,0,False
HAVELLS,Havells India Ltd,2020-03,46.64,0,False
HAVELLS,Havells India Ltd,2021-03,46.62,0,False
HAVELLS,Havells India Ltd,2022-03,46.67,0,False
HAVELLS,Havells India Ltd,2023-03,46.66,0,False
HAVELLS,Havells India Ltd,2024-03,46.64,0,False
HCLTECH,HCL Technologies Ltd,2013-06,46.76,0,False
HCLTECH,HCL Technologies Ltd,2014-06,46.77,0,False
HCLTECH,HCL Technologies Ltd,2015-06,46.86,0,False
HCLTECH,HCL Technologies Ltd,2017-03,46.94,0,False
HCLTECH,HCL Technologies Ltd,2018-03,47.03,0,False
HCLTECH,HCL Technologies Ltd,2019-03,46.89,0,False
HCLTECH,HCL Technologies Ltd,2020-03,46.68,0,False
HCLTECH,HCL Technologies Ltd,2021-03,47.06,0,False
HCLTECH,HCL Technologies Ltd,2022-03,47.23,0,False
HCLTECH,HCL Technologies Ltd,2023-03,47.12,0,False
HCLTECH,HCL Technologies Ltd,2024-03,47.13,0,False
HDFCBANK,HDFC Bank Ltd,2013-03,46.57,0,True
HDFCBANK,HDFC Bank Ltd,2014-03,47.26,0,False
HDFCBANK,HDFC Bank Ltd,2015-03,46.93,0,True
HDFCBANK,HDFC Bank Ltd,2016-03,46.88,0,True
HDFCBANK,HDFC Bank Ltd,2017-03,48.88,0,False
HDFCBANK,HDFC Bank Ltd,2018-03,49.26,0,False
HDFCBANK,HDFC Bank Ltd,2019-03,47.66,0,True
HDFCBANK,HDFC Bank Ltd,2020-03,48.56,0,True
HDFCBANK,HDFC Bank Ltd,2021-03,50.75,0,False
HDFCBANK,HDFC Bank Ltd,2022-03,49.96,0,True
HDFCBANK,HDFC Bank Ltd,2023-03,52.72,0,False
HDFCBANK,HDFC Bank Ltd,2024-03,38.19,0,False
HDFCLIFE,HDFC Life Insurance Company Ltd,2013-03,50.0,0,False
HDFCLIFE,HDFC Life Insurance Company Ltd,2014-03,50.0,0,False
HDFCLIFE,HDFC Life Insurance Company Ltd,2015-03,47.28,0,False
HDFCLIFE,HDFC Life Insurance Company Ltd,2016-03,47.07,0,False
HDFCLIFE,HDFC Life Insurance Company Ltd,2017-03,47.12,0,False
HDFCLIFE,HDFC Life Insurance Company Ltd,2018-03,47.04,0,False
HDFCLIFE,HDFC Life Insurance Company Ltd,2019-03,47.22,0,False
HDFCLIFE,HDFC Life Insurance Company Ltd,2020-03,46.92,0,False
HDFCLIFE,HDFC Life Insurance Company Ltd,2021-03,47.08,0,False
HDFCLIFE,HDFC Life Insurance Company Ltd,2022-03,47.01,0,False
HDFCLIFE,HDFC Life Insurance Company Ltd,2023-03,46.58,0,False
HDFCLIFE,HDFC Life Insurance Company Ltd,2024-03,46.87,0,False
HEROMOTOCO,"Hero MotoCorp Ltd
",2014-03,47.45,0,False
HEROMOTOCO,"Hero MotoCorp Ltd
",2015-03,47.5,0,False
HEROMOTOCO,"Hero MotoCorp Ltd
",2016-03,47.63,0,False
HEROMOTOCO,"Hero MotoCorp Ltd
",2017-03,47.65,0,False
HEROMOTOCO,"Hero MotoCorp Ltd
",2018-03,47.82,0,False
HEROMOTOCO,"Hero MotoCorp Ltd
",2019-03,47.75,0,False
HEROMOTOCO,"Hero MotoCorp Ltd
",2020-03,47.53,0,False
HEROMOTOCO,"Hero MotoCorp Ltd
",2021-03,47.54,0,False
HEROMOTOCO,"Hero MotoCorp Ltd
",2022-03,47.37,0,False
HEROMOTOCO,"Hero MotoCorp Ltd
",2023-03,47.56,0,False
HEROMOTOCO,"Hero MotoCorp Ltd
",2024-03,47.81,0,False
HINDALCO,Hindalco Industries Ltd,2013-03,47.82,0,False
HINDALCO,Hindalco Industries Ltd,2014-03,48.27,0,False
HINDALCO,Hindalco Industries Ltd,2015-03,48.2,0,False
HINDALCO,Hindalco Industries Ltd,2016-03,48.37,0,False
HINDALCO,Hindalco Industries Ltd,2017-03,49.37,0,False
HINDALCO,Hindalco Industries Ltd,2018-03,49.82,0,False
HINDALCO,Hindalco Industries Ltd,2019-03,50.0,0,False
HINDALCO,Hindalco Industries Ltd,2020-03,49.72,0,False
HINDALCO,Hindalco Industries Ltd,2021-03,49.68,0,False
HINDALCO,Hindalco Industries Ltd,2022-03,52.75,0,False
HINDALCO,Hindalco Industries Ltd,2023-03,51.68,0,False
HINDALCO,Hindalco Industries Ltd,2024-03,51.84,0,False
HINDUNILVR,"Hindustan Unilever Ltd
",2013-03,47.74,0,False
HINDUNILVR,"Hindustan Unilever Ltd
",2014-03,47.82,0,False
HINDUNILVR,"Hindustan Unilever Ltd
",2015-03,47.94,0,False
HINDUNILVR,"Hindustan Unilever Ltd
",2016-03,48.04,0,False
HINDUNILVR,"Hindustan Unilever Ltd
",2017-03,48.12,0,False
HINDUNILVR,"Hindustan Unilever Ltd
",2018-03,48.44,0,False
HINDUNILVR,"Hindustan Unilever Ltd
",2019-03,48.76,0,False
HINDUNILVR,"Hindustan Unilever Ltd
",2020-03,49.05,0,False
HINDUNILVR,"Hindustan Unilever Ltd
",2021-03,49.46,0,False
HINDUNILVR,"Hindustan Unilever Ltd
",2022-03,49.66,0,False
HINDUNILVR,"Hindustan Unilever Ltd
",2023-03,49.85,0,False
HINDUNILVR,"Hindustan Unilever Ltd
",2024-03,49.94,0,False
ICICIBANK,ICICI Bank Ltd,2013-03,43.09,0,False
ICICIBANK,ICICI Bank Ltd,2014-03,43.26,0,False
ICICIBANK,ICICI Bank Ltd,2015-03,42.18,0,True
ICICIBANK,ICICI Bank Ltd,2016-03,41.05,0,False
ICICIBANK,ICICI Bank Ltd,2017-03,40.04,0,False
ICICIBANK,ICICI Bank Ltd,2018-03,36.16,0,False
ICICIBANK,ICICI Bank Ltd,2019-03,36.35,0,False
ICICIBANK,ICICI Bank Ltd,2020-03,38.05,0,False
ICICIBANK,ICICI Bank Ltd,2021-03,39.28,0,False
ICICIBANK,ICICI Bank Ltd,2022-03,41.36,0,False
ICICIBANK,ICICI Bank Ltd,2023-03,40.63,0,True
ICICIBANK,ICICI Bank Ltd,2024-03,43.72,0,False
ICICIGI,ICICI Lombard General Insurance Company Ltd,2013-03,46.58,0,False
ICICIGI,ICICI Lombard General Insurance Company Ltd,2014-03,46.56,0,False
ICICIGI,ICICI Lombard General Insurance Company Ltd,2015-03,46.57,0,True
ICICIGI,ICICI Lombard General Insurance Company Ltd,2016-03,50.0,0,False
ICICIGI,ICICI Lombard General Insurance Company Ltd,2017-03,42.26,0,False
ICICIGI,ICICI Lombard General Insurance Company Ltd,2018-03,46.56,0,False
ICICIGI,ICICI Lombard General Insurance Company Ltd,2019-03,40.46,0,False
ICICIGI,ICICI Lombard General Insurance Company Ltd,2020-03,47.84,0,False
ICICIGI,ICICI Lombard General Insurance Company Ltd,2021-03,48.18,0,False
ICICIGI,ICICI Lombard General Insurance Company Ltd,2022-03,46.85,0,False
ICICIGI,ICICI Lombard General Insurance Company Ltd,2023-03,46.89,0,False
ICICIGI,ICICI Lombard General Insurance Company Ltd,2024-03,47.35,0,False
ICICIPRULI,ICICI Prudential Life Insurance Company Ltd,2013-03,46.77,0,True
ICICIPRULI,ICICI Prudential Life Insurance Company Ltd,2014-03,47.25,0,True
ICICIPRULI,ICICI Prudential Life Insurance Company Ltd,2015-03,47.95,0,False
ICICIPRULI,ICICI Prudential Life Insurance Company Ltd,2016-03,50.0,0,False
ICICIPRULI,ICICI Prudential Life Insurance Company Ltd,2017-03,47.45,0,False
ICICIPRULI,ICICI Prudential Life Insurance Company Ltd,2018-03,47.36,0,False
ICICIPRULI,ICICI Prudential Life Insurance Company Ltd,2019-03,46.89,0,False
ICICIPRULI,ICICI Prudential Life Insurance Company Ltd,2020-03,46.49,0,False
ICICIPRULI,ICICI Prudential Life Insurance Company Ltd,2021-03,46.64,0,False
ICICIPRULI,ICICI Prudential Life Insurance Company Ltd,2022-03,46.2,0,False
ICICIPRULI,ICICI Prudential Life Insurance Company Ltd,2023-03,46.22,0,False
ICICIPRULI,ICICI Prudential Life Insurance Company Ltd,2024-03,46.26,0,True
INDIGO,Interglobe Aviation Ltd,2013-03,70.19,0,False
INDIGO,Interglobe Aviation Ltd,2014-03,60.66,0,False
INDIGO,Interglobe Aviation Ltd,2015-03,53.54,0,False
INDIGO,Interglobe Aviation Ltd,2016-03,49.32,0,False
INDIGO,Interglobe Aviation Ltd,2017-03,49.27,0,False
INDIGO,Interglobe Aviation Ltd,2018-03,50.13,0,False
INDIGO,Interglobe Aviation Ltd,2019-03,46.71,0,False
INDIGO,Interglobe Aviation Ltd,2020-03,47.29,0,False
INDIGO,Interglobe Aviation Ltd,2021-03,45.2,0,True
INDIGO,Interglobe Aviation Ltd,2022-03,46.78,0,False
INDIGO,Interglobe Aviation Ltd,2023-03,48.14,0,False
INDIGO,Interglobe Aviation Ltd,2024-03,51.36,0,False
INDUSINDBK,IndusInd Bank Ltd,2013-03,46.13,0,True
INDUSINDBK,IndusInd Bank Ltd,2014-03,46.04,0,True
INDUSINDBK,IndusInd Bank Ltd,2015-03,46.07,0,True
INDUSINDBK,IndusInd Bank Ltd,2016-03,46.17,0,True
INDUSINDBK,IndusInd Bank Ltd,2017-03,46.57,0,False
INDUSINDBK,IndusInd Bank Ltd,2018-03,45.7,0,True
INDUSINDBK,IndusInd Bank Ltd,2019-03,45.76,0,True
INDUSINDBK,IndusInd Bank Ltd,2020-03,45.69,0,True
INDUSINDBK,IndusInd Bank Ltd,2021-03,46.95,0,False
INDUSINDBK,IndusInd Bank Ltd,2022-03,46.46,0,False
INDUSINDBK,IndusInd Bank Ltd,2023-03,46.22,0,True
INDUSINDBK,IndusInd Bank Ltd,2024-03,46.28,0,True
INFY,Infosys Ltd,2013-03,50.53,0,False
INFY,Infosys Ltd,2014-03,49.26,0,False
INFY,Infosys Ltd,2015-03,48.97,0,False
INFY,Infosys Ltd,2016-03,50.0,0,False
INFY,Infosys Ltd,2017-03,50.0,0,False
INFY,Infosys Ltd,2018-03,50.0,0,False
INFY,Infosys Ltd,2019-03,50.0,0,False
INFY,Infosys Ltd,2020-03,47.3,0,False
INFY,Infosys Ltd,2021-03,47.28,0,False
INFY,Infosys Ltd,2022-03,47.35,0,False
INFY,Infosys Ltd,2023-03,47.42,0,False
INFY,Infosys Ltd,2024-03,47.32,0,False
IOC,"Indian Oil Corporation
",2013-03,46.5,0,False
IOC,"Indian Oil Corporation
",2014-03,46.67,0,False
IOC,"Indian Oil Corporation
",2015-03,47.58,0,False
IOC,"Indian Oil Corporation
",2016-03,46.92,0,False
IOC,"Indian Oil Corporation
",2017-03,46.89,0,False
IOC,"Indian Oil Corporation
",2018-03,46.93,0,False
IOC,"Indian Oil Corporation
",2019-03,46.27,0,False
IOC,"Indian Oil Corporation
",2020-03,45.86,0,False
IOC,"Indian Oil Corporation
",2021-03,47.34,0,False
IOC,"Indian Oil Corporation
",2022-03,46.69,0,False
IOC,"Indian Oil Corporation
",2023-03,46.58,0,False
IOC,"Indian Oil Corporation
",2024-03,47.73,0,False
IRCTC,Indian Railway Catering & Tourism Corporation Ltd,2015-03,50.0,0,False
IRCTC,Indian Railway Catering & Tourism Corporation Ltd,2016-03,50.0,0,False
IRCTC,Indian Railway Catering & Tourism Corporation Ltd,2017-03,46.8,0,False
IRCTC,Indian Railway Catering & Tourism Corporation Ltd,2018-03,46.78,0,False
IRCTC,Indian Railway Catering & Tourism Corporation Ltd,2019-03,46.97,0,False
IRCTC,Indian Railway Catering & Tourism Corporation Ltd,2020-03,46.75,0,False
IRCTC,Indian Railway Catering & Tourism Corporation Ltd,2021-03,46.64,0,False
IRCTC,Indian Railway Catering & Tourism Corporation Ltd,2022-03,46.75,0,False
IRCTC,Indian Railway Catering & Tourism Corporation Ltd,2023-03,46.77,0,False
IRCTC,Indian Railway Catering & Tourism Corporation Ltd,2024-03,46.76,0,False
IRFC,Indian Railway Finance Corporation Ltd,2016-03,45.68,0,True
IRFC,Indian Railway Finance Corporation Ltd,2017-03,45.51,0,True
IRFC,Indian Railway Finance Corporation Ltd,2018-03,45.22,0,True
IRFC,Indian Railway Finance Corporation Ltd,2019-03,44.98,0,True
IRFC,Indian Railway Finance Corporation Ltd,2020-03,44.33,0,True
IRFC,Indian Railway Finance Corporation Ltd,2021-03,43.46,0,True
IRFC,Indian Railway Finance Corporation Ltd,2022-03,44.18,0,True
IRFC,Indian Railway Finance Corporation Ltd,2023-03,45.22,0,True
IRFC,Indian Railway Finance Corporation Ltd,2024-03,46.34,0,False
ITC,"ITC Ltd
",2013-03,46.87,0,False
ITC,"ITC Ltd
",2014-03,47.41,0,False
ITC,"ITC Ltd
",2015-03,46.99,0,False
ITC,"ITC Ltd
",2016-03,47.06,0,False
ITC,"ITC Ltd
",2017-03,47.31,0,False
ITC,"ITC Ltd
",2018-03,47.01,0,False
ITC,"ITC Ltd
",2019-03,47.21,0,False
ITC,"ITC Ltd
",2020-03,47.23,0,False
ITC,"ITC Ltd
",2021-03,47.6,0,False
ITC,"ITC Ltd
",2022-03,47.52,0,False
ITC,"ITC Ltd
",2023-03,47.49,0,False
ITC,"ITC Ltd
",2024-03,47.66,0,False
JINDALSTEL,Jindal Steel & Power Ltd,2013-03,46.36,0,False
JINDALSTEL,Jindal Steel & Power Ltd,2014-03,46.27,0,False
JINDALSTEL,Jindal Steel & Power Ltd,2015-03,46.28,0,False
JINDALSTEL,Jindal Steel & Power Ltd,2016-03,46.54,0,False
JINDALSTEL,Jindal Steel & Power Ltd,2017-03,46.62,0,False
JINDALSTEL,Jindal Steel & Power Ltd,2018-03,46.67,0,False
JINDALSTEL,Jindal Steel & Power Ltd,2019-03,46.74,0,False
JINDALSTEL,Jindal Steel & Power Ltd,2020-03,46.72,0,False
JINDALSTEL,Jindal Steel & Power Ltd,2021-03,46.84,0,False
JINDALSTEL,Jindal Steel & Power Ltd,2022-03,46.99,0,False
JINDALSTEL,Jindal Steel & Power Ltd,2023-03,46.68,0,False
JINDALSTEL,Jindal Steel & Power Ltd,2024-03,46.52,0,False
JIOFIN,Jio Financial Services Ltd,2023-03,50.0,0,False
JIOFIN,Jio Financial Services Ltd,2024-03,46.89,0,True
JSWENERGY,JSW Energy Ltd,2013-03,46.53,0,False
JSWENERGY,JSW Energy Ltd,2014-03,46.57,0,False
JSWENERGY,JSW Energy Ltd,2015-03,46.62,0,False
JSWENERGY,JSW Energy Ltd,2016-03,46.52,0,False
JSWENERGY,JSW Energy Ltd,2017-03,46.6,0,False
JSWENERGY,JSW Energy Ltd,2018-03,46.63,0,False
JSWENERGY,JSW Energy Ltd,2019-03,46.61,0,False
JSWENERGY,JSW Energy Ltd,2020-03,46.62,0,False
JSWENERGY,JSW Energy Ltd,2021-03,46.64,0,False
JSWENERGY,JSW Energy Ltd,2022-03,46.62,0,False
JSWENERGY,JSW Energy Ltd,2023-03,46.38,0,False
JSWENERGY,JSW Energy Ltd,2024-03,46.45,0,False
JSWSTEEL,JSW Steel Ltd,2013-03,46.53,0,False
JSWSTEEL,JSW Steel Ltd,2014-03,46.4,0,False
JSWSTEEL,JSW Steel Ltd,2015-03,46.5,0,False
JSWSTEEL,JSW Steel Ltd,2016-03,46.53,0,False
JSWSTEEL,JSW Steel Ltd,2017-03,46.57,0,False
JSWSTEEL,JSW Steel Ltd,2018-03,46.76,0,False
JSWSTEEL,JSW Steel Ltd,2019-03,46.63,0,False
JSWSTEEL,JSW Steel Ltd,2020-03,46.3,0,False
JSWSTEEL,JSW Steel Ltd,2021-03,46.85,0,False
JSWSTEEL,JSW Steel Ltd,2022-03,46.9,0,False
JSWSTEEL,JSW Steel Ltd,2023-03,46.88,0,False
JSWSTEEL,JSW Steel Ltd,2024-03,46.46,0,False
KOTAKBANK,"Kotak Mahindra Bank Ltd
",2013-03,45.72,0,False
KOTAKBANK,"Kotak Mahindra Bank Ltd
",2014-03,46.28,0,False
KOTAKBANK,"Kotak Mahindra Bank Ltd
",2015-03,45.57,0,False
KOTAKBANK,"Kotak Mahindra Bank Ltd
",2016-03,45.89,0,False
KOTAKBANK,"Kotak Mahindra Bank Ltd
",2017-03,45.7,0,False
KOTAKBANK,"Kotak Mahindra Bank Ltd
",2018-03,45.0,0,True
KOTAKBANK,"Kotak Mahindra Bank Ltd
",2019-03,45.21,0,False
KOTAKBANK,"Kotak Mahindra Bank Ltd
",2020-03,46.26,0,False
KOTAKBANK,"Kotak Mahindra Bank Ltd
",2021-03,44.16,0,False
KOTAKBANK,"Kotak Mahindra Bank Ltd
",2022-03,44.57,0,False
KOTAKBANK,"Kotak Mahindra Bank Ltd
",2023-03,44.87,0,True
KOTAKBANK,"Kotak Mahindra Bank Ltd
",2024-03,43.85,0,False
LICI,Life Insurance Corporation of India,2019-03,50.0,0,False
LICI,Life Insurance Corporation of India,2020-03,50.0,0,False
LICI,Life Insurance Corporation of India,2021-03,50.0,0,False
LICI,Life Insurance Corporation of India,2022-03,50.0,0,True
LICI,Life Insurance Corporation of India,2023-03,47.47,0,False
LICI,Life Insurance Corporation of India,2024-03,47.17,0,False
LODHA,Macrotech Developers Ltd,2016-03,46.39,0,False
LODHA,Macrotech Developers Ltd,2017-03,46.37,0,False
LODHA,Macrotech Developers Ltd,2018-03,46.34,0,False
LODHA,Macrotech Developers Ltd,2019-03,46.23,0,True
LODHA,Macrotech Developers Ltd,2020-03,46.48,0,False
LODHA,Macrotech Developers Ltd,2021-03,46.43,0,False
LODHA,Macrotech Developers Ltd,2022-03,46.63,0,False
LODHA,Macrotech Developers Ltd,2023-03,46.68,0,False
LODHA,Macrotech Developers Ltd,2024-03,46.56,0,False
LT,Larsen & Toubro Ltd,2013-03,46.77,0,True
LT,Larsen & Toubro Ltd,2014-03,46.61,0,True
LT,Larsen & Toubro Ltd,2015-03,46.72,0,True
LT,Larsen & Toubro Ltd,2016-03,46.64,0,True
LT,Larsen & Toubro Ltd,2017-03,46.76,0,False
LT,Larsen & Toubro Ltd,2018-03,46.68,0,True
LT,Larsen & Toubro Ltd,2019-03,46.4,0,True
LT,Larsen & Toubro Ltd,2020-03,46.79,0,False
LT,Larsen & Toubro Ltd,2021-03,47.31,0,False
LT,Larsen & Toubro Ltd,2022-03,47.13,0,False
LT,Larsen & Toubro Ltd,2023-03,47.1,0,False
LT,Larsen & Toubro Ltd,2024-03,47.27,0,False
LTIM,LTIMindtree Ltd,2013-03,46.69,0,False
LTIM,LTIMindtree Ltd,2014-03,46.74,0,False
LTIM,LTIMindtree Ltd,2015-03,46.79,0,False
LTIM,LTIMindtree Ltd,2016-03,46.93,0,False
LTIM,LTIMindtree Ltd,2017-03,47.27,0,False
LTIM,LTIMindtree Ltd,2018-03,46.77,0,False
LTIM,LTIMindtree Ltd,2019-03,46.91,0,False
LTIM,LTIMindtree Ltd,2020-03,46.67,0,False
LTIM,LTIMindtree Ltd,2021-03,46.68,0,False
LTIM,LTIMindtree Ltd,2022-03,46.73,0,False
LTIM,LTIMindtree Ltd,2023-03,46.75,0,False
LTIM,LTIMindtree Ltd,2024-03,46.7,0,False
M&M,"Mahindra & Mahindra Ltd
",2013-03,46.41,0,True
M&M,"Mahindra & Mahindra Ltd
",2014-03,46.38,0,True
M&M,"Mahindra & Mahindra Ltd
",2015-03,46.42,0,False
M&M,"Mahindra & Mahindra Ltd
",2016-03,46.42,0,False
M&M,"Mahindra & Mahindra Ltd
",2017-03,46.34,0,False
M&M,"Mahindra & Mahindra Ltd
",2018-03,46.38,0,False
M&M,"Mahindra & Mahindra Ltd
",2019-03,46.16,0,True
M&M,"Mahindra & Mahindra Ltd
",2020-03,46.21,0,True
M&M,"Mahindra & Mahindra Ltd
",2021-03,46.42,0,False
M&M,"Mahindra & Mahindra Ltd
",2022-03,46.68,0,False
M&M,"Mahindra & Mahindra Ltd
",2023-03,46.05,0,True
M&M,"Mahindra & Mahindra Ltd
",2024-03,46.18,0,True
MARUTI,Maruti Suzuki India Ltd,2013-03,46.65,0,False
MARUTI,Maruti Suzuki India Ltd,2014-03,46.63,0,False
MARUTI,Maruti Suzuki India Ltd,2015-03,46.7,0,False
MARUTI,Maruti Suzuki India Ltd,2016-03,46.81,0,False
MARUTI,Maruti Suzuki India Ltd,2017-03,46.83,0,False
MARUTI,Maruti Suzuki India Ltd,2018-03,46.76,0,False
MARUTI,Maruti Suzuki India Ltd,2019-03,46.93,0,False
MARUTI,Maruti Suzuki India Ltd,2020-03,46.79,0,False
MARUTI,Maruti Suzuki India Ltd,2021-03,46.75,0,False
MARUTI,Maruti Suzuki India Ltd,2022-03,46.71,0,False
MARUTI,Maruti Suzuki India Ltd,2023-03,46.73,0,False
MARUTI,Maruti Suzuki India Ltd,2024-03,46.9,0,False
MOTHERSON,Samvardhana Motherson International Ltd,2013-03,46.5,0,False
MOTHERSON,Samvardhana Motherson International Ltd,2014-03,46.58,0,False
MOTHERSON,Samvardhana Motherson International Ltd,2015-03,46.56,0,False
MOTHERSON,Samvardhana Motherson International Ltd,2016-03,46.57,0,False
MOTHERSON,Samvardhana Motherson International Ltd,2017-03,46.49,0,False
MOTHERSON,Samvardhana Motherson International Ltd,2018-03,46.56,0,False
MOTHERSON,Samvardhana Motherson International Ltd,2019-03,46.59,0,False
MOTHERSON,Samvardhana Motherson International Ltd,2020-03,46.65,0,False
MOTHERSON,Samvardhana Motherson International Ltd,2021-03,46.64,0,False
MOTHERSON,Samvardhana Motherson International Ltd,2022-03,46.56,0,False
MOTHERSON,Samvardhana Motherson International Ltd,2023-03,46.63,0,False
MOTHERSON,Samvardhana Motherson International Ltd,2024-03,46.58,0,False
NAUKRI,Info Edge (India) Ltd,2013-03,46.66,0,False
NAUKRI,Info Edge (India) Ltd,2014-03,46.65,0,False
NAUKRI,Info Edge (India) Ltd,2015-03,46.58,0,False
NAUKRI,Info Edge (India) Ltd,2016-03,46.68,0,False
NAUKRI,Info Edge (India) Ltd,2017-03,46.59,0,False
NAUKRI,Info Edge (India) Ltd,2018-03,46.78,0,False
NAUKRI,Info Edge (India) Ltd,2019-03,46.76,0,False
NAUKRI,Info Edge (India) Ltd,2020-03,46.56,0,False
NAUKRI,Info Edge (India) Ltd,2021-03,46.77,0,False
NAUKRI,Info Edge (India) Ltd,2022-03,48.43,0,False
NAUKRI,Info Edge (India) Ltd,2023-03,46.6,0,False
NAUKRI,Info Edge (India) Ltd,2024-03,46.62,0,False
NESTLEIND,Nestle India Ltd,2013-12,46.73,0,False
NESTLEIND,Nestle India Ltd,2014-12,46.88,0,False
NESTLEIND,Nestle India Ltd,2015-12,47.16,0,False
NESTLEIND,Nestle India Ltd,2016-12,46.69,0,False
NESTLEIND,Nestle India Ltd,2017-12,46.71,0,False
NESTLEIND,Nestle India Ltd,2018-12,46.73,0,False
NESTLEIND,Nestle India Ltd,2019-12,46.81,0,False
NESTLEIND,Nestle India Ltd,2020-12,46.8,0,False
NESTLEIND,Nestle India Ltd,2021-12,46.75,0,False
NESTLEIND,Nestle India Ltd,2022-12,46.8,0,False
NESTLEIND,Nestle India Ltd,2023-12,46.86,0,False
NESTLEIND,Nestle India Ltd,2024-03,46.87,0,False
NHPC,"NHPC Ltd
",2013-03,46.62,0,False
NHPC,"NHPC Ltd
",2014-03,46.64,0,False
NHPC,"NHPC Ltd
",2015-03,46.66,0,False
NHPC,"NHPC Ltd
",2016-03,46.72,0,False
NHPC,"NHPC Ltd
",2017-03,46.76,0,False
NHPC,"NHPC Ltd
",2018-03,46.68,0,False
NHPC,"NHPC Ltd
",2019-03,46.65,0,False
NHPC,"NHPC Ltd
",2020-03,46.57,0,False
NHPC,"NHPC Ltd
",2021-03,46.67,0,False
NHPC,"NHPC Ltd
",2022-03,46.61,0,False
NHPC,"NHPC Ltd
",2023-03,46.59,0,False
NHPC,"NHPC Ltd
",2024-03,46.59,0,False
NTPC,NTPC Ltd,2013-03,46.55,0,False
NTPC,NTPC Ltd,2014-03,46.58,0,False
NTPC,NTPC Ltd,2015-03,46.5,0,False
NTPC,NTPC Ltd,2016-03,46.68,0,False
NTPC,NTPC Ltd,2017-03,46.41,0,False
NTPC,NTPC Ltd,2018-03,46.5,0,False
NTPC,NTPC Ltd,2019-03,46.35,0,False
NTPC,NTPC Ltd,2020-03,46.33,0,False
NTPC,NTPC Ltd,2021-03,46.83,0,False
NTPC,NTPC Ltd,2022-03,47.06,0,False
NTPC,NTPC Ltd,2023-03,47.12,0,False
NTPC,NTPC Ltd,2024-03,46.77,0,False
ONGC,Oil & Natural Gas Corpn Ltd,2013-03,46.69,0,False
ONGC,Oil & Natural Gas Corpn Ltd,2014-03,46.41,0,False
ONGC,Oil & Natural Gas Corpn Ltd,2015-03,46.71,0,False
ONGC,Oil & Natural Gas Corpn Ltd,2016-03,46.83,0,False
ONGC,Oil & Natural Gas Corpn Ltd,2017-03,46.66,0,False
ONGC,Oil & Natural Gas Corpn Ltd,2018-03,46.29,0,False
ONGC,Oil & Natural Gas Corpn Ltd,2019-03,47.3,0,False
ONGC,Oil & Natural Gas Corpn Ltd,2020-03,47.06,0,False
ONGC,Oil & Natural Gas Corpn Ltd,2021-03,46.81,0,False
ONGC,Oil & Natural Gas Corpn Ltd,2022-03,47.67,0,False
ONGC,Oil & Natural Gas Corpn Ltd,2023-03,46.91,0,False
ONGC,Oil & Natural Gas Corpn Ltd,2024-03,47.81,0,False
PFC,Power Finance Corporation Ltd,2013-03,45.53,0,True
PFC,Power Finance Corporation Ltd,2014-03,45.61,0,True
PFC,Power Finance Corporation Ltd,2015-03,45.62,0,True
PFC,Power Finance Corporation Ltd,2016-03,45.83,0,True
PFC,Power Finance Corporation Ltd,2017-03,46.29,0,False
PFC,Power Finance Corporation Ltd,2018-03,44.33,0,True
PFC,Power Finance Corporation Ltd,2019-03,43.21,0,True
PFC,Power Finance Corporation Ltd,2020-03,44.65,0,True
PFC,Power Finance Corporation Ltd,2021-03,44.3,0,True
PFC,Power Finance Corporation Ltd,2022-03,46.19,0,False
PFC,Power Finance Corporation Ltd,2023-03,43.86,0,True
PFC,Power Finance Corporation Ltd,2024-03,43.17,0,True
PIDILITIND,Pidilite Industries Ltd,2013-03,46.67,0,False
PIDILITIND,Pidilite Industries Ltd,2014-03,46.68,0,False
PIDILITIND,Pidilite Industries Ltd,2015-03,46.68,0,False
PIDILITIND,Pidilite Industries Ltd,2016-03,46.76,0,False
PIDILITIND,Pidilite Industries Ltd,2017-03,46.74,0,False
PIDILITIND,Pidilite Industries Ltd,2018-03,46.77,0,False
PIDILITIND,Pidilite Industries Ltd,2019-03,46.7,0,False
PIDILITIND,Pidilite Industries Ltd,2020-03,46.72,0,False
PIDILITIND,Pidilite Industries Ltd,2021-03,46.66,0,False
PIDILITIND,Pidilite Industries Ltd,2022-03,46.67,0,False
PIDILITIND,Pidilite Industries Ltd,2023-03,46.68,0,False
PIDILITIND,Pidilite Industries Ltd,2024-03,46.71,0,False
PNB,Punjab National Bank,2013-03,50.0,0,True
PNB,Punjab National Bank,2014-03,50.0,0,False
PNB,Punjab National Bank,2015-03,50.0,0,False
PNB,Punjab National Bank,2016-03,50.0,0,False
PNB,Punjab National Bank,2017-03,50.0,0,False
PNB,Punjab National Bank,2018-03,50.0,0,True
PNB,Punjab National Bank,2019-03,50.0,0,True
PNB,Punjab National Bank,2020-03,50.0,0,True
PNB,Punjab National Bank,2021-03,50.0,0,False
PNB,Punjab National Bank,2022-03,50.0,0,False
PNB,Punjab National Bank,2023-03,50.0,0,False
PNB,Punjab National Bank,2024-03,50.0,0,True
POWERGRID,Power Grid Corporation of India Ltd,2013-03,46.16,0,False
POWERGRID,Power Grid Corporation of India Ltd,2014-03,46.14,0,False
POWERGRID,Power Grid Corporation of India Ltd,2015-03,46.22,0,False
POWERGRID,Power Grid Corporation of India Ltd,2016-03,46.28,0,False
POWERGRID,Power Grid Corporation of India Ltd,2017-03,46.41,0,False
POWERGRID,Power Grid Corporation of India Ltd,2018-03,46.39,0,False
POWERGRID,Power Grid Corporation of India Ltd,2019-03,46.6,0,False
POWERGRID,Power Grid Corporation of India Ltd,2020-03,47.06,0,False
POWERGRID,Power Grid Corporation of India Ltd,2021-03,47.08,0,False
POWERGRID,Power Grid Corporation of India Ltd,2022-03,47.3,0,False
POWERGRID,Power Grid Corporation of India Ltd,2023-03,47.49,0,False
POWERGRID,Power Grid Corporation of India Ltd,2024-03,47.24,0,False
RECLTD,REC Ltd,2013-03,45.68,0,True
RECLTD,REC Ltd,2014-03,45.77,0,True
RECLTD,REC Ltd,2015-03,45.57,0,True
RECLTD,REC Ltd,2016-03,45.86,0,True
RECLTD,REC Ltd,2017-03,46.52,0,False
RECLTD,REC Ltd,2018-03,45.29,0,True
RECLTD,REC Ltd,2019-03,45.17,0,True
RECLTD,REC Ltd,2020-03,45.18,0,True
RECLTD,REC Ltd,2021-03,44.93,0,True
RECLTD,REC Ltd,2022-03,46.2,0,True
RECLTD,REC Ltd,2023-03,45.12,0,True
RECLTD,REC Ltd,2024-03,44.51,0,True
RELIANCE,"Reliance Industries Ltd
",2013-03,46.84,0,False
RELIANCE,"Reliance Industries Ltd
",2014-03,45.7,0,False
RELIANCE,"Reliance Industries Ltd
",2015-03,45.68,0,False
RELIANCE,"Reliance Industries Ltd
",2016-03,46.62,0,False
RELIANCE,"Reliance Industries Ltd
",2017-03,46.08,0,False
RELIANCE,"Reliance Industries Ltd
",2018-03,46.65,0,False
RELIANCE,"Reliance Industries Ltd
",2019-03,45.04,0,False
RELIANCE,"Reliance Industries Ltd
",2020-03,47.2,0,False
RELIANCE,"Reliance Industries Ltd
",2021-03,43.22,0,False
RELIANCE,"Reliance Industries Ltd
",2022-03,46.62,0,False
RELIANCE,"Reliance Industries Ltd
",2023-03,47.21,0,False
RELIANCE,"Reliance Industries Ltd
",2024-03,47.88,0,False
SBILIFE,SBI Life Insurance Company Ltd,2013-03,46.88,0,False
SBILIFE,SBI Life Insurance Company Ltd,2014-03,46.82,0,False
SBILIFE,SBI Life Insurance Company Ltd,2015-03,47.01,0,False
SBILIFE,SBI Life Insurance Company Ltd,2016-03,46.84,0,False
SBILIFE,SBI Life Insurance Company Ltd,2017-03,46.91,0,False
SBILIFE,SBI Life Insurance Company Ltd,2018-03,46.98,0,False
SBILIFE,SBI Life Insurance Company Ltd,2019-03,46.89,0,False
SBILIFE,SBI Life Insurance Company Ltd,2020-03,50.0,0,False
SBILIFE,SBI Life Insurance Company Ltd,2021-03,50.0,0,False
SBILIFE,SBI Life Insurance Company Ltd,2022-03,50.0,0,False
SBILIFE,SBI Life Insurance Company Ltd,2023-03,46.82,0,False
SBILIFE,SBI Life Insurance Company Ltd,2024-03,46.86,0,False
SHREECEM,Shree Cement Ltd,2013-06,46.64,0,False
SHREECEM,Shree Cement Ltd,2014-06,46.61,0,False
SHREECEM,Shree Cement Ltd,2015-06,46.6,0,False
SHREECEM,Shree Cement Ltd,2017-03,46.63,0,False
SHREECEM,Shree Cement Ltd,2018-03,46.56,0,False
SHREECEM,Shree Cement Ltd,2019-03,46.63,0,False
SHREECEM,Shree Cement Ltd,2020-03,46.55,0,False
SHREECEM,Shree Cement Ltd,2021-03,46.66,0,False
SHREECEM,Shree Cement Ltd,2022-03,46.62,0,False
SHREECEM,Shree Cement Ltd,2023-03,46.61,0,False
SHREECEM,Shree Cement Ltd,2024-03,46.67,0,False
SHRIRAMFIN,"Shriram Finance Ltd
",2013-03,46.09,0,True
SHRIRAMFIN,"Shriram Finance Ltd
",2014-03,46.21,0,True
SHRIRAMFIN,"Shriram Finance Ltd
",2015-03,46.01,0,True
SHRIRAMFIN,"Shriram Finance Ltd
",2016-03,46.14,0,True
SHRIRAMFIN,"Shriram Finance Ltd
",2017-03,46.24,0,True
SHRIRAMFIN,"Shriram Finance Ltd
",2018-03,45.87,0,True
SHRIRAMFIN,"Shriram Finance Ltd
",2019-03,46.11,0,True
SHRIRAMFIN,"Shriram Finance Ltd
",2020-03,46.21,0,True
SHRIRAMFIN,"Shriram Finance Ltd
",2021-03,46.18,0,True
SHRIRAMFIN,"Shriram Finance Ltd
",2022-03,46.07,0,True
SHRIRAMFIN,"Shriram Finance Ltd
",2023-03,46.01,0,True
SHRIRAMFIN,"Shriram Finance Ltd
",2024-03,45.45,0,True
SIEMENS,Siemens Ltd,2011-09,46.69,0,False
SIEMENS,Siemens Ltd,2014-09,46.66,0,False
SIEMENS,Siemens Ltd,2015-09,46.73,0,False
SIEMENS,Siemens Ltd,2016-09,47.17,0,False
SIEMENS,Siemens Ltd,2017-09,46.97,0,False
SIEMENS,Siemens Ltd,2018-09,46.86,0,False
SIEMENS,Siemens Ltd,2019-09,46.81,0,False
SIEMENS,Siemens Ltd,2020-09,46.69,0,False
SIEMENS,Siemens Ltd,2021-09,46.66,0,False
SIEMENS,Siemens Ltd,2022-09,46.71,0,False
SIEMENS,Siemens Ltd,2023-09,46.79,0,False
SIEMENS,Siemens Ltd,2024-09,46.73,0,False
SUNPHARMA,Sun Pharmaceuticals Industries Ltd,2013-03,46.79,0,False
SUNPHARMA,Sun Pharmaceuticals Industries Ltd,2014-03,46.81,0,False
SUNPHARMA,Sun Pharmaceuticals Industries Ltd,2015-03,46.73,0,False
SUNPHARMA,Sun Pharmaceuticals Industries Ltd,2016-03,46.69,0,False
SUNPHARMA,Sun Pharmaceuticals Industries Ltd,2017-03,46.72,0,False
SUNPHARMA,Sun Pharmaceuticals Industries Ltd,2018-03,46.61,0,False
SUNPHARMA,Sun Pharmaceuticals Industries Ltd,2019-03,46.65,0,False
SUNPHARMA,Sun Pharmaceuticals Industries Ltd,2020-03,46.74,0,False
SUNPHARMA,Sun Pharmaceuticals Industries Ltd,2021-03,46.82,0,False
SUNPHARMA,Sun Pharmaceuticals Industries Ltd,2022-03,46.76,0,False
SUNPHARMA,Sun Pharmaceuticals Industries Ltd,2023-03,46.62,0,False
SUNPHARMA,Sun Pharmaceuticals Industries Ltd,2024-03,47.01,0,False
TATACONSUM,Tata Consumer Products Ltd,2013-03,46.59,0,False
TATACONSUM,Tata Consumer Products Ltd,2014-03,46.6,0,False
TATACONSUM,Tata Consumer Products Ltd,2015-03,46.59,0,False
TATACONSUM,Tata Consumer Products Ltd,2016-03,46.58,0,False
TATACONSUM,Tata Consumer Products Ltd,2017-03,46.63,0,False
TATACONSUM,Tata Consumer Products Ltd,2018-03,46.61,0,False
TATACONSUM,Tata Consumer Products Ltd,2019-03,46.6,0,False
TATACONSUM,Tata Consumer Products Ltd,2020-03,46.61,0,False
TATACONSUM,Tata Consumer Products Ltd,2021-03,46.65,0,False
TATACONSUM,Tata Consumer Products Ltd,2022-03,46.62,0,False
TATACONSUM,Tata Consumer Products Ltd,2023-03,46.62,0,False
TATACONSUM,Tata Consumer Products Ltd,2024-03,46.61,0,False
TATAMOTORS,Tata Motors Ltd,2013-03,46.51,0,False
TATAMOTORS,Tata Motors Ltd,2014-03,46.8,0,False
TATAMOTORS,Tata Motors Ltd,2015-03,46.52,0,False
TATAMOTORS,Tata Motors Ltd,2016-03,46.59,0,False
TATAMOTORS,Tata Motors Ltd,2017-03,46.25,0,False
TATAMOTORS,Tata Motors Ltd,2018-03,46.51,0,False
TATAMOTORS,Tata Motors Ltd,2019-03,46.35,0,False
TATAMOTORS,Tata Motors Ltd,2020-03,46.25,0,False
TATAMOTORS,Tata Motors Ltd,2021-03,46.49,0,False
TATAMOTORS,Tata Motors Ltd,2022-03,46.64,0,False
TATAMOTORS,Tata Motors Ltd,2023-03,46.99,0,False
TATAMOTORS,Tata Motors Ltd,2024-03,47.87,0,False
TATAPOWER,"Tata Power Company Ltd
",2013-03,46.38,0,False
TATAPOWER,"Tata Power Company Ltd
",2014-03,46.47,0,False
TATAPOWER,"Tata Power Company Ltd
",2015-03,46.48,0,False
TATAPOWER,"Tata Power Company Ltd
",2016-03,46.55,0,False
TATAPOWER,"Tata Power Company Ltd
",2017-03,46.36,0,False
TATAPOWER,"Tata Power Company Ltd
",2018-03,46.56,0,False
TATAPOWER,"Tata Power Company Ltd
",2019-03,46.57,0,False
TATAPOWER,"Tata Power Company Ltd
",2020-03,46.63,0,False
TATAPOWER,"Tata Power Company Ltd
",2021-03,46.74,0,False
TATAPOWER,"Tata Power Company Ltd
",2022-03,46.47,0,False
TATAPOWER,"Tata Power Company Ltd
",2023-03,46.49,0,False
TATAPOWER,"Tata Power Company Ltd
",2024-03,46.6,0,False
TATASTEEL,"Tata Steel Ltd
",2013-03,46.46,0,False
TATASTEEL,"Tata Steel Ltd
",2014-03,46.41,0,False
TATASTEEL,"Tata Steel Ltd
",2015-03,46.49,0,False
TATASTEEL,"Tata Steel Ltd
",2016-03,46.54,0,False
TATASTEEL,"Tata Steel Ltd
",2017-03,46.47,0,False
TATASTEEL,"Tata Steel Ltd
",2018-03,46.43,0,False
TATASTEEL,"Tata Steel Ltd
",2019-03,46.4,0,False
TATASTEEL,"Tata Steel Ltd
",2020-03,46.67,0,False
TATASTEEL,"Tata Steel Ltd
",2021-03,47.54,0,False
TATASTEEL,"Tata Steel Ltd
",2022-03,47.58,0,False
TATASTEEL,"Tata Steel Ltd
",2023-03,46.65,0,False
TATASTEEL,"Tata Steel Ltd
",2024-03,46.69,0,False
TCS,Tata Consultancy Services Ltd,2013-03,47.34,0,False
TCS,Tata Consultancy Services Ltd,2014-03,47.72,0,False
TCS,Tata Consultancy Services Ltd,2015-03,47.51,0,False
TCS,Tata Consultancy Services Ltd,2016-03,48.43,0,False
TCS,Tata Consultancy Services Ltd,2017-03,48.42,0,False
TCS,Tata Consultancy Services Ltd,2018-03,48.39,0,False
TCS,Tata Consultancy Services Ltd,2019-03,47.81,0,False
TCS,Tata Consultancy Services Ltd,2020-03,47.9,0,False
TCS,Tata Consultancy Services Ltd,2021-03,47.62,0,False
TCS,Tata Consultancy Services Ltd,2022-03,47.87,0,False
TCS,Tata Consultancy Services Ltd,2023-03,47.98,0,False
TCS,Tata Consultancy Services Ltd,2024-03,48.23,0,False
TECHM,Tech Mahindra Ltd,2013-03,46.62,0,False
TECHM,Tech Mahindra Ltd,2014-03,46.75,0,False
TECHM,Tech Mahindra Ltd,2015-03,46.71,0,False
TECHM,Tech Mahindra Ltd,2016-03,46.72,0,False
TECHM,Tech Mahindra Ltd,2017-03,46.68,0,False
TECHM,Tech Mahindra Ltd,2018-03,46.66,0,False
TECHM,Tech Mahindra Ltd,2019-03,46.74,0,False
TECHM,Tech Mahindra Ltd,2020-03,46.8,0,False
TECHM,Tech Mahindra Ltd,2021-03,46.73,0,False
TECHM,Tech Mahindra Ltd,2022-03,46.85,0,False
TECHM,Tech Mahindra Ltd,2023-03,46.79,0,False
TECHM,Tech Mahindra Ltd,2024-03,46.75,0,False
TITAN,"Titan Company Ltd
",2013-03,46.67,0,False
TITAN,"Titan Company Ltd
",2014-03,46.59,0,True
TITAN,"Titan Company Ltd
",2015-03,46.64,0,False
TITAN,"Titan Company Ltd
",2016-03,46.65,0,False
TITAN,"Titan Company Ltd
",2017-03,46.63,0,False
TITAN,"Titan Company Ltd
",2018-03,46.63,0,True
TITAN,"Titan Company Ltd
",2019-03,46.65,0,False
TITAN,"Titan Company Ltd
",2020-03,46.59,0,True
TITAN,"Titan Company Ltd
",2021-03,46.6,0,False
TITAN,"Titan Company Ltd
",2022-03,46.6,0,True
TITAN,"Titan Company Ltd
",2023-03,46.58,0,False
TITAN,"Titan Company Ltd
",2024-03,46.58,0,False
TORNTPHARM,Torrent Pharmaceuticals Ltd,2013-03,46.62,0,False
TORNTPHARM,Torrent Pharmaceuticals Ltd,2014-03,46.62,0,False
TORNTPHARM,Torrent Pharmaceuticals Ltd,2015-03,46.53,0,False
TORNTPHARM,Torrent Pharmaceuticals Ltd,2016-03,46.68,0,False
TORNTPHARM,Torrent Pharmaceuticals Ltd,2017-03,46.59,0,False
TORNTPHARM,Torrent Pharmaceuticals Ltd,2018-03,46.41,0,False
TORNTPHARM,Torrent Pharmaceuticals Ltd,2019-03,46.57,0,False
TORNTPHARM,Torrent Pharmaceuticals Ltd,2020-03,46.59,0,False
TORNTPHARM,Torrent Pharmaceuticals Ltd,2021-03,46.62,0,False
TORNTPHARM,Torrent Pharmaceuticals Ltd,2022-03,46.62,0,False
TORNTPHARM,Torrent Pharmaceuticals Ltd,2023-03,46.57,0,False
TORNTPHARM,Torrent Pharmaceuticals Ltd,2024-03,46.68,0,False
TRENT,Trent Ltd,2013-03,46.55,0,False
TRENT,Trent Ltd,2014-03,46.55,0,True
TRENT,Trent Ltd,2015-03,46.59,0,True
TRENT,Trent Ltd,2016-03,46.57,0,False
TRENT,Trent Ltd,2017-03,46.58,0,False
TRENT,Trent Ltd,2018-03,46.58,0,False
TRENT,Trent Ltd,2019-03,46.57,0,False
TRENT,Trent Ltd,2020-03,46.57,0,False
TRENT,Trent Ltd,2021-03,46.57,0,False
TRENT,Trent Ltd,2022-03,46.47,0,False
TRENT,Trent Ltd,2023-03,46.51,0,False
TRENT,Trent Ltd,2024-03,46.64,0,False
TVSMOTOR,TVS Motor Company Ltd,2013-03,46.55,0,False
TVSMOTOR,TVS Motor Company Ltd,2014-03,46.58,0,False
TVSMOTOR,TVS Motor Company Ltd,2015-03,46.56,0,False
TVSMOTOR,TVS Motor Company Ltd,2016-03,46.6,0,False
TVSMOTOR,TVS Motor Company Ltd,2017-03,46.59,0,False
TVSMOTOR,TVS Motor Company Ltd,2018-03,46.44,0,False
TVSMOTOR,TVS Motor Company Ltd,2019-03,46.38,0,True
TVSMOTOR,TVS Motor Company Ltd,2020-03,46.37,0,False
TVSMOTOR,TVS Motor Company Ltd,2021-03,46.42,0,False
TVSMOTOR,TVS Motor Company Ltd,2022-03,46.3,0,True
TVSMOTOR,TVS Motor Company Ltd,2023-03,46.2,0,True
TVSMOTOR,TVS Motor Company Ltd,2024-03,46.32,0,True
