company_id,year,metric,difference,category
ABB,2012-12,ROE,12.488871715610511,Data Source Issue
ABB,2012-12,ROCE,17.715610510046368,Version Difference
ABB,2014-03,ROE,9.77309644670051,Data Source Issue
ABB,2014-03,ROCE,14.908629441624363,Version Difference
ABB,2015-03,ROE,10.460298826040553,Data Source Issue
ABB,2015-03,ROCE,14.303094983991464,Version Difference
ABB,2016-03,ROE,13.561087866108785,Data Source Issue
ABB,2016-03,ROCE,16.627615062761507,Version Difference
ABB,2017-03,ROE,14.928839221341022,Data Source Issue
ABB,2017-03,ROCE,18.45854361932228,Version Difference
ABB,2018-03,ROE,11.21423508564678,Data Source Issue
ABB,2018-03,ROCE,15.93502658003544,Version Difference
ABB,2019-03,ROE,12.489641434262946,Data Source Issue
ABB,2019-03,ROCE,16.717131474103585,Version Difference
ABB,2020-03,ROE,10.506746194981488,Data Source Issue
ABB,2020-03,ROCE,19.25402916346892,Version Difference
ABB,2021-03,ROE,8.343504996156799,Data Source Issue
ABB,2021-03,ROCE,14.638838475499092,Version Difference
ABB,2022-03,ROE,6.566666666666666,Data Source Issue
ABB,2022-03,ROCE,11.814266487213999,Version Difference
ABB,2023-03,ROE,5.132120451693851,Data Source Issue
ABB,2023-03,ROCE,11.586186004241135,Version Difference
ABB,2024-03,ROCE,9.458487572712855,Version Difference
ADANIENSOL,2014-03,ROE,8.59,Data Source Issue
ADANIENSOL,2014-03,ROCE,9.0,Version Difference
ADANIENSOL,2015-03,ROE,9.23635272391505,Data Source Issue
ADANIENSOL,2015-03,ROCE,8.40652818991098,Version Difference
ADANIENSOL,2016-03,ROE,5.18245508982036,Data Source Issue
ADANIENSOL,2017-03,ROE,5.526050220563285,Data Source Issue
ADANIENSOL,2018-03,ROE,10.28072808320951,Data Source Issue
ADANIENSOL,2021-03,ROE,5.87350487722839,Data Source Issue
ADANIENT,2013-03,ROE,7.947347167694897,Data Source Issue
ADANIENT,2013-03,ROCE,7.496525879552068,Version Difference
ADANIENT,2014-03,ROCE,5.165706048863031,Version Difference
ADANIENT,2016-03,ROE,6.165041112273883,Data Source Issue
ADANIENT,2016-03,ROCE,7.390702676129904,Version Difference
ADANIENT,2017-03,ROE,7.096423316355405,Data Source Issue
ADANIENT,2017-03,ROCE,7.06338116745755,Version Difference
ADANIENT,2018-03,ROE,9.703357412684738,Data Source Issue
ADANIENT,2018-03,ROCE,7.4015033917985695,Version Difference
ADANIENT,2019-03,ROE,10.210886419083764,Data Source Issue
ADANIENT,2019-03,ROCE,5.526689488057232,Version Difference
ADANIENT,2020-03,ROE,7.503220629019886,Data Source Issue
ADANIENT,2020-03,ROCE,5.395545869372744,Version Difference
ADANIENT,2021-03,ROE,7.544073663966432,Data Source Issue
ADANIENT,2021-03,ROCE,5.702318337027496,Version Difference
ADANIENT,2022-03,ROE,10.099540818618863,Data Source Issue
ADANIENT,2022-03,ROCE,7.738488279231456,Version Difference
ADANIENT,2023-03,ROE,6.311931257753169,Data Source Issue
ADANIENT,2024-03,ROE,5.105349575186816,Data Source Issue
ADANIGREEN,2017-03,ROE,18.606899418121362,Data Source Issue
ADANIGREEN,2017-03,ROCE,95.23873873873873,Version Difference
ADANIGREEN,2018-03,ROE,24.99082774049217,Data Source Issue
ADANIGREEN,2018-03,ROCE,93.82262382864792,Version Difference
ADANIGREEN,2019-03,ROE,39.27320227625452,Data Source Issue
ADANIGREEN,2019-03,ROCE,92.95124282982792,Version Difference
ADANIGREEN,2020-03,ROE,17.58502333474756,Data Source Issue
ADANIGREEN,2020-03,ROCE,90.36866399581955,Version Difference
ADANIGREEN,2021-03,ROE,6.427272727272726,Data Source Issue
ADANIGREEN,2021-03,ROCE,89.85453822560491,Version Difference
ADANIGREEN,2022-03,ROCE,91.69712873787108,Version Difference
ADANIGREEN,2023-03,ROCE,90.53513904464707,Version Difference
ADANIGREEN,2024-03,ROCE,89.25022760134954,Version Difference
ADANIPORTS,2013-03,ROE,7.533406318423523,Data Source Issue
ADANIPORTS,2020-03,ROCE,5.239180236629023,Version Difference
ADANIPORTS,2022-03,ROE,6.256667702828723,Data Source Issue
ADANIPORTS,2022-03,ROCE,5.737247649182228,Version Difference
ADANIPORTS,2023-03,ROE,6.222672894313602,Data Source Issue
ADANIPORTS,2023-03,ROCE,5.288411604585977,Version Difference
ADANIPOWER,2013-03,ROE,110.55911949685535,Data Source Issue
ADANIPOWER,2013-03,ROCE,32.91602152404097,Version Difference
ADANIPOWER,2014-03,ROE,61.54750114626319,Data Source Issue
ADANIPOWER,2014-03,ROCE,26.960617836782202,Version Difference
ADANIPOWER,2015-03,ROE,71.35327510917031,Data Source Issue
ADANIPOWER,2015-03,ROCE,26.532930429785804,Version Difference
ADANIPOWER,2016-03,ROE,49.72185324049277,Data Source Issue
ADANIPOWER,2016-03,ROCE,22.006801003372264,Version Difference
ADANIPOWER,2017-03,ROE,262.9,Data Source Issue
ADANIPOWER,2017-03,ROCE,26.237920842044556,Version Difference
ADANIPOWER,2018-03,ROE,293.65793025871767,Data Source Issue
ADANIPOWER,2018-03,ROCE,27.105442632715363,Version Difference
ADANIPOWER,2019-03,ROE,69.85933609958506,Data Source Issue
ADANIPOWER,2019-03,ROCE,28.118964382359398,Version Difference
ADANIPOWER,2020-03,ROE,92.20260762228051,Data Source Issue
ADANIPOWER,2020-03,ROCE,27.777172503242546,Version Difference
ADANIPOWER,2021-03,ROE,47.41495462518112,Data Source Issue
ADANIPOWER,2021-03,ROCE,23.841272549975624,Version Difference
ADANIPOWER,2022-03,ROE,30.486790919434366,Data Source Issue
ADANIPOWER,2022-03,ROCE,22.195858110706787,Version Difference
ADANIPOWER,2023-03,ROE,21.19492569286384,Data Source Issue
ADANIPOWER,2023-03,ROCE,22.796184199595714,Version Difference
ADANIPOWER,2024-03,ROE,8.823258778537493,Data Source Issue
ADANIPOWER,2024-03,ROCE,13.814176772418055,Version Difference
AMBUJACEM,2012-12,ROE,5.446825053995681,Data Source Issue
AMBUJACEM,2012-12,ROCE,8.697120921305181,Version Difference
AMBUJACEM,2014-12,ROE,5.526633565044687,Data Source Issue
AMBUJACEM,2021-12,ROE,5.396743709079436,Data Source Issue
AMBUJACEM,2021-12,ROCE,6.781123456312184,Version Difference
APOLLOHOSP,2013-03,ROCE,5.331313131313131,Version Difference
APOLLOHOSP,2014-03,ROCE,5.443462161536681,Version Difference
APOLLOHOSP,2015-03,ROCE,7.033462432223082,Version Difference
APOLLOHOSP,2016-03,ROE,6.75717887154862,Data Source Issue
APOLLOHOSP,2016-03,ROCE,10.388452805708724,Version Difference
APOLLOHOSP,2017-03,ROE,9.857073023536513,Data Source Issue
APOLLOHOSP,2017-03,ROCE,10.677248019878862,Version Difference
APOLLOHOSP,2018-03,ROE,11.964981549815498,Data Source Issue
APOLLOHOSP,2018-03,ROCE,10.582242850726155,Version Difference
APOLLOHOSP,2019-03,ROE,7.811199760047991,Data Source Issue
APOLLOHOSP,2019-03,ROCE,7.581047523904667,Version Difference
APOLLOHOSP,2021-03,ROE,10.833680208559635,Data Source Issue
APOLLOHOSP,2021-03,ROCE,10.729613146182814,Version Difference
APOLLOHOSP,2022-03,ROE,5.8947839231726835,Data Source Issue
ASIANPAINT,2016-03,ROCE,5.987733644859816,Version Difference
ASIANPAINT,2017-03,ROCE,9.180181283684469,Version Difference
ASIANPAINT,2018-03,ROE,6.503507728894171,Data Source Issue
ASIANPAINT,2018-03,ROCE,9.94859107681986,Version Difference
ASIANPAINT,2019-03,ROE,8.1367279062401,Data Source Issue
ASIANPAINT,2019-03,ROCE,12.623876378463535,Version Difference
ASIANPAINT,2020-03,ROCE,11.726884779516357,Version Difference
ASIANPAINT,2021-03,ROE,6.407051382164607,Data Source Issue
ASIANPAINT,2021-03,ROCE,12.503291603712498,Version Difference
ASIANPAINT,2022-03,ROE,9.114349840718216,Data Source Issue
ASIANPAINT,2022-03,ROCE,15.852214429508411,Version Difference
ASIANPAINT,2023-03,ROE,5.2181340670335175,Data Source Issue
ASIANPAINT,2023-03,ROCE,11.613319386331941,Version Difference
ASIANPAINT,2024-03,ROCE,9.998278464295819,Version Difference
ATGL,2018-03,ROCE,8.281745023295214,Version Difference
ATGL,2020-03,ROE,9.13970088375255,Data Source Issue
ATGL,2020-03,ROCE,7.446656134807792,Version Difference
BAJAJ-AUTO,2013-03,ROE,12.346869187848732,Data Source Issue
BAJAJ-AUTO,2013-03,ROCE,9.135374648575969,Version Difference
BAJAJ-AUTO,2014-03,ROE,6.7448116455198175,Data Source Issue
BAJAJ-AUTO,2014-03,ROCE,5.439956972423232,Version Difference
BAJAJ-AUTO,2017-03,ROCE,10.569425901201601,Version Difference
BAJAJ-AUTO,2018-03,ROE,5.8439412484700135,Data Source Issue
BAJAJ-AUTO,2018-03,ROCE,11.447045653655213,Version Difference
BAJAJ-AUTO,2019-03,ROE,5.288791804760468,Data Source Issue
BAJAJ-AUTO,2019-03,ROCE,12.385178525558693,Version Difference
BAJAJ-AUTO,2020-03,ROCE,11.180374518083347,Version Difference
BAJAJ-AUTO,2021-03,ROE,8.691178088219118,Data Source Issue
BAJAJ-AUTO,2021-03,ROCE,16.419617434474702,Version Difference
BAJAJ-AUTO,2022-03,ROE,5.849609832881207,Data Source Issue
BAJAJ-AUTO,2022-03,ROCE,16.860016009605765,Version Difference
BAJAJ-AUTO,2023-03,ROE,5.861078945575912,Data Source Issue
BAJAJ-AUTO,2023-03,ROCE,12.544292206470868,Version Difference
BAJAJ-AUTO,2024-03,ROCE,6.292641057200235,Version Difference
AXISBANK,2017-03,ROE,11.874636395885066,Data Source Issue
AXISBANK,2018-03,ROE,17.970140327378633,Data Source Issue
AXISBANK,2019-03,ROE,11.501973393115247,Data Source Issue
AXISBANK,2020-03,ROE,16.51558952976604,Data Source Issue
AXISBANK,2021-03,ROE,12.040558333494218,Data Source Issue
AXISBANK,2022-03,ROE,7.386225382839649,Data Source Issue
AXISBANK,2023-03,ROE,11.018333962598529,Data Source Issue
AXISBANK,2023-03,ROCE,5.812163917058492,Version Difference
BAJAJFINSV,2013-03,ROE,16.657339143809274,Data Source Issue
BAJAJFINSV,2014-03,ROE,11.808780068728522,Data Source Issue
BAJAJFINSV,2014-03,ROCE,5.664098684895382,Version Difference
BAJAJFINSV,2015-03,ROE,10.004231220128053,Data Source Issue
BAJAJFINSV,2015-03,ROCE,6.506701425095587,Version Difference
BAJAJFINSV,2016-03,ROE,8.685912199426427,Data Source Issue
BAJAJFINSV,2016-03,ROCE,7.686787217333521,Version Difference
BAJAJFINSV,2017-03,ROE,9.640906445421335,Data Source Issue
BAJAJFINSV,2017-03,ROCE,7.730722145484457,Version Difference
BAJAJFINSV,2018-03,ROE,8.667638529512276,Data Source Issue
BAJAJFINSV,2018-03,ROCE,8.807386107823342,Version Difference
BAJAJFINSV,2019-03,ROE,10.916899747262002,Data Source Issue
BAJAJFINSV,2019-03,ROCE,9.146704779179556,Version Difference
BAJAJFINSV,2020-03,ROE,7.428936170212767,Data Source Issue
BAJAJFINSV,2020-03,ROCE,9.9100770909825,Version Difference
BAJAJFINSV,2021-03,ROE,8.840982416969018,Data Source Issue
BAJAJFINSV,2021-03,ROCE,9.488114017201188,Version Difference
BAJAJFINSV,2022-03,ROE,8.937440306109773,Data Source Issue
BAJAJFINSV,2022-03,ROCE,10.767952697268477,Version Difference
BAJAJFINSV,2023-03,ROE,14.590685887904845,Data Source Issue
BAJAJFINSV,2023-03,ROCE,9.855438856930785,Version Difference
BAJAJFINSV,2024-03,ROE,14.130351412279536,Data Source Issue
BAJAJFINSV,2024-03,ROCE,9.69125536489903,Version Difference
BAJAJHLDNG,2013-03,ROCE,10.006718221362977,Version Difference
BAJAJHLDNG,2014-03,ROCE,9.808059004917077,Version Difference
BAJAJHLDNG,2015-03,ROCE,9.530971402971701,Version Difference
BAJAJHLDNG,2016-03,ROCE,10.327489701170471,Version Difference
BAJAJHLDNG,2017-03,ROCE,9.603535750364799,Version Difference
BAJAJHLDNG,2018-03,ROCE,11.711166223562557,Version Difference
BAJAJHLDNG,2019-03,ROCE,11.827367171267438,Version Difference
BAJAJHLDNG,2020-03,ROCE,12.14049264258351,Version Difference
BAJAJHLDNG,2021-03,ROCE,12.247521647052515,Version Difference
BAJAJHLDNG,2022-03,ROE,5.169263806544979,Data Source Issue
BAJAJHLDNG,2022-03,ROCE,12.324788155321723,Version Difference
BAJAJHLDNG,2023-03,ROCE,12.318520609824958,Version Difference
BAJAJHLDNG,2024-03,ROCE,10.286521819186152,Version Difference
BAJFINANCE,2015-03,ROCE,6.4445875059608975,Version Difference
BAJFINANCE,2016-03,ROCE,6.730378835597949,Version Difference
BAJFINANCE,2017-03,ROCE,6.498130841121496,Version Difference
BAJFINANCE,2018-03,ROE,6.3503785966683495,Data Source Issue
BAJFINANCE,2018-03,ROCE,7.030149869546751,Version Difference
BAJFINANCE,2019-03,ROCE,7.521882343241127,Version Difference
BAJFINANCE,2020-03,ROE,5.816901756990845,Data Source Issue
BAJFINANCE,2020-03,ROCE,6.432917216623287,Version Difference
BAJFINANCE,2021-03,ROE,10.127520450728642,Data Source Issue
BAJFINANCE,2021-03,ROCE,5.662162418719446,Version Difference
BAJFINANCE,2022-03,ROE,6.022402946491891,Data Source Issue
BAJFINANCE,2022-03,ROCE,6.398552250592261,Version Difference
BAJFINANCE,2023-03,ROCE,7.396233334071172,Version Difference
BAJFINANCE,2024-03,ROCE,7.733986412353192,Version Difference
BANKBARODA,2015-03,ROE,7.299266980817743,Data Source Issue
BANKBARODA,2016-03,ROE,28.54151706938334,Data Source Issue
BANKBARODA,2017-03,ROE,12.39275779599229,Data Source Issue
BANKBARODA,2018-03,ROE,20.642790877464243,Data Source Issue
BANKBARODA,2019-03,ROE,14.579845806967779,Data Source Issue
BANKBARODA,2020-03,ROE,15.410974456007567,Data Source Issue
BANKBARODA,2021-03,ROE,14.733741958975603,Data Source Issue
BANKBARODA,2022-03,ROE,8.064878250552416,Data Source Issue
BHARTIARTL,2013-03,ROE,10.395012121934741,Data Source Issue
BHARTIARTL,2013-03,ROCE,6.141910847614003,Version Difference
BHARTIARTL,2014-03,ROE,9.847787669857421,Data Source Issue
BHARTIARTL,2014-03,ROCE,5.092746144546339,Version Difference
BHARTIARTL,2017-03,ROE,8.61303200557392,Data Source Issue
BHARTIARTL,2018-03,ROE,11.759135687064068,Data Source Issue
BHARTIARTL,2018-03,ROCE,7.108923585578512,Version Difference
BHARTIARTL,2019-03,ROE,12.53661565602117,Data Source Issue
BHARTIARTL,2019-03,ROCE,10.856678909428958,Version Difference
BHARTIARTL,2020-03,ROE,54.648525503921185,Data Source Issue
BHARTIARTL,2020-03,ROCE,9.142116846294808,Version Difference
BHARTIARTL,2021-03,ROE,35.872639221074415,Data Source Issue
BHARTIARTL,2021-03,ROCE,5.940649775861602,Version Difference
BEL,2013-03,ROE,15157.033333333335,Data Source Issue
BEL,2013-03,ROCE,1742.0666666666666,Version Difference
BEL,2014-03,ROE,13573.7,Data Source Issue
BEL,2014-03,ROCE,2733.2571428571428,Version Difference
BEL,2015-03,ROE,17073.7,Data Source Issue
BEL,2015-03,ROCE,3035.0969696969696,Version Difference
BEL,2016-03,ROE,11115.366666666669,Data Source Issue
BEL,2016-03,ROCE,3211.345945945946,Version Difference
BEL,2017-03,ROE,10127.033333333335,Data Source Issue
BEL,2017-03,ROCE,3556.3090909090906,Version Difference
BEL,2018-03,ROE,4589.829032258064,Data Source Issue
BEL,2018-03,ROCE,2202.108860759494,Version Difference
BEL,2019-03,ROE,3824.720408163265,Data Source Issue
BEL,2019-03,ROCE,2643.525,Version Difference
BEL,2020-03,ROE,3291.881818181818,Data Source Issue
BEL,2020-03,ROCE,2376.511111111111,Version Difference
BEL,2021-03,ROE,3533.022033898305,Data Source Issue
BEL,2021-03,ROCE,2582.9925925925927,Version Difference
BEL,2022-03,ROE,3451.960869565217,Data Source Issue
BEL,2022-03,ROCE,2282.7228346456695,Version Difference
BEL,2023-03,ROE,3955.033333333333,Data Source Issue
BEL,2023-03,ROCE,3176.8035087719304,Version Difference
BEL,2024-03,ROE,4717.747619047619,Data Source Issue
BEL,2024-03,ROCE,3593.7464566929134,Version Difference
BHEL,2013-03,ROE,20.85906412648532,Data Source Issue
BHEL,2013-03,ROCE,22.3644190453274,Version Difference
BHEL,2014-03,ROE,9.507414609146544,Data Source Issue
BHEL,2014-03,ROCE,6.211865624339742,Version Difference
BHEL,2016-03,ROCE,10.332819283035109,Version Difference
BHEL,2020-03,ROE,6.17212142358688,Data Source Issue
BHEL,2020-03,ROCE,5.165002963841138,Version Difference
BHEL,2021-03,ROE,11.441409767925183,Data Source Issue
BHEL,2021-03,ROCE,14.665530484256804,Version Difference
BOSCHLTD,2013-12,ROCE,6.627481858885286,Version Difference
BOSCHLTD,2016-03,ROCE,5.034011476264999,Version Difference
BOSCHLTD,2020-03,ROE,8.988133764832794,Data Source Issue
BOSCHLTD,2020-03,ROCE,8.8277397260274,Version Difference
BOSCHLTD,2021-03,ROE,11.093148732566426,Data Source Issue
BOSCHLTD,2021-03,ROCE,12.277634909385442,Version Difference
BOSCHLTD,2022-03,ROCE,10.024774649196173,Version Difference
BOSCHLTD,2023-03,ROCE,7.731754924995482,Version Difference
BOSCHLTD,2024-03,ROCE,6.843080228042636,Version Difference
BPCL,2013-03,ROE,30.359016393442623,Data Source Issue
BPCL,2013-03,ROCE,23.59643515180646,Version Difference
BPCL,2014-03,ROE,21.051234567901233,Data Source Issue
BPCL,2014-03,ROCE,19.164572558564043,Version Difference
BPCL,2015-03,ROE,19.375401116922255,Data Source Issue
BPCL,2015-03,ROCE,18.04705955799725,Version Difference
BPCL,2016-03,ROE,12.796596387709574,Data Source Issue
BPCL,2016-03,ROCE,10.805404243679419,Version Difference
BPCL,2017-03,ROE,11.052146403192836,Data Source Issue
BPCL,2017-03,ROCE,14.555217600384712,Version Difference
BPCL,2018-03,ROE,15.159783172669922,Data Source Issue
BPCL,2018-03,ROCE,15.362877298796416,Version Difference
BPCL,2019-03,ROE,19.900773893976524,Data Source Issue
BPCL,2019-03,ROCE,18.112630974594516,Version Difference
BPCL,2020-03,ROE,31.86496222489872,Data Source Issue
BPCL,2020-03,ROCE,27.301356756332837,Version Difference
BPCL,2021-03,ROE,9.559415554103253,Data Source Issue
BPCL,2021-03,ROCE,16.68001424778188,Version Difference
BPCL,2022-03,ROE,19.393497736248918,Data Source Issue
BPCL,2022-03,ROCE,20.33160624876545,Version Difference
BPCL,2023-03,ROE,37.91845969881544,Data Source Issue
BPCL,2023-03,ROCE,28.41401650148904,Version Difference
BPCL,2024-03,ROE,6.388662656177694,Data Source Issue
BRITANNIA,2013-03,ROE,10.505017921146951,Data Source Issue
BRITANNIA,2013-03,ROCE,11.79978678038379,Version Difference
BRITANNIA,2014-03,ROE,7.601253132832085,Data Source Issue
BRITANNIA,2014-03,ROCE,8.483966244725735,Version Difference
BRITANNIA,2016-03,ROE,17.6640535372849,Data Source Issue
BRITANNIA,2017-03,ROE,24.273590504451036,Data Source Issue
BRITANNIA,2017-03,ROCE,7.815278270116977,Version Difference
BRITANNIA,2018-03,ROE,27.62260716382854,Data Source Issue
BRITANNIA,2018-03,ROCE,11.223260327141666,Version Difference
BRITANNIA,2019-03,ROE,29.942699271102754,Data Source Issue
BRITANNIA,2019-03,ROCE,13.291018371512813,Version Difference
BRITANNIA,2020-03,ROE,25.439768339768342,Data Source Issue
BRITANNIA,2020-03,ROCE,20.992240363575153,Version Difference
BRITANNIA,2021-03,ROCE,8.14162257495591,Version Difference
BRITANNIA,2022-03,ROCE,9.209585235165704,Version Difference
BRITANNIA,2023-03,ROE,8.434804753820025,Data Source Issue
BRITANNIA,2023-03,ROCE,9.013305772469757,Version Difference
CANBK,2013-03,ROE,6.0037496027963115,Data Source Issue
CANBK,2014-03,ROE,9.04528101802757,Data Source Issue
CANBK,2015-03,ROE,8.879317985965773,Data Source Issue
CANBK,2016-03,ROE,25.721659981487193,Data Source Issue
CANBK,2017-03,ROE,13.831959060112439,Data Source Issue
CANBK,2018-03,ROE,28.396788356776973,Data Source Issue
CANBK,2019-03,ROE,16.0533073310515,Data Source Issue
CANBK,2020-03,ROE,22.561942435567634,Data Source Issue
CANBK,2021-03,ROE,13.161977247236019,Data Source Issue
CANBK,2022-03,ROE,9.097953145323823,Data Source Issue
CHOLAFIN,2013-03,ROCE,6.532628767202834,Version Difference
CHOLAFIN,2014-03,ROCE,5.945624201944799,Version Difference
CHOLAFIN,2015-03,ROCE,5.843093922651934,Version Difference
CHOLAFIN,2016-03,ROCE,5.654806225205982,Version Difference
CHOLAFIN,2017-03,ROCE,5.877457788431034,Version Difference
CHOLAFIN,2018-03,ROCE,7.178276377862156,Version Difference
CHOLAFIN,2019-03,ROCE,7.625891677675034,Version Difference
CHOLAFIN,2020-03,ROE,7.346341463414634,Data Source Issue
CHOLAFIN,2020-03,ROCE,6.745225852385096,Version Difference
CHOLAFIN,2021-03,ROCE,6.566643938360835,Version Difference
CHOLAFIN,2022-03,ROCE,6.909889675450627,Version Difference
CHOLAFIN,2023-03,ROCE,7.266719186421256,Version Difference
CHOLAFIN,2024-03,ROCE,7.033304774515149,Version Difference
CIPLA,2013-03,ROCE,34.630402563589016,Version Difference
CIPLA,2014-03,ROCE,44.93165766882025,Version Difference
CIPLA,2015-03,ROE,5.422477319014998,Data Source Issue
CIPLA,2015-03,ROCE,46.596241503398645,Version Difference
CIPLA,2016-03,ROCE,40.33774747293498,Version Difference
CIPLA,2017-03,ROE,8.54904336734694,Data Source Issue
CIPLA,2017-03,ROCE,40.68682235696704,Version Difference
CIPLA,2018-03,ROE,6.8414646145196425,Data Source Issue
CIPLA,2018-03,ROCE,37.25347301795165,Version Difference
CIPLA,2019-03,ROE,6.861284305888624,Data Source Issue
CIPLA,2019-03,ROCE,38.97048841059602,Version Difference
CIPLA,2020-03,ROE,7.284044915308,Data Source Issue
CIPLA,2020-03,ROCE,45.831250336401325,Version Difference
CIPLA,2021-03,ROCE,45.23834808259588,Version Difference
CIPLA,2022-03,ROCE,50.99549710005937,Version Difference
CIPLA,2023-03,ROCE,45.576703841387854,Version Difference
CIPLA,2024-03,ROCE,44.803154227031,Version Difference
COALINDIA,2013-03,ROE,16.193761346756887,Data Source Issue
COALINDIA,2013-03,ROCE,33.63968901299797,Version Difference
COALINDIA,2014-03,ROE,16.36185265540987,Data Source Issue
COALINDIA,2014-03,ROCE,55.80726128411066,Version Difference
COALINDIA,2015-03,ROE,17.982702649121507,Data Source Issue
COALINDIA,2015-03,ROCE,70.00074581094674,Version Difference
COALINDIA,2016-03,ROE,11.04171331783079,Data Source Issue
COALINDIA,2016-03,ROCE,92.70828152753108,Version Difference
COALINDIA,2017-03,ROE,14.150256954074557,Data Source Issue
COALINDIA,2017-03,ROCE,164.53090222286792,Version Difference
COALINDIA,2018-03,ROE,17.120428189116858,Data Source Issue
COALINDIA,2018-03,ROCE,272.06494750414436,Version Difference
COALINDIA,2019-03,ROE,14.013986013986013,Data Source Issue
COALINDIA,2019-03,ROCE,184.53884528170244,Version Difference
COALINDIA,2020-03,ROCE,120.50769350366664,Version Difference
COALINDIA,2021-03,ROE,17.21715318473082,Data Source Issue
COALINDIA,2021-03,ROCE,96.01511249469365,Version Difference
COALINDIA,2022-03,ROE,11.72000092714925,Data Source Issue
COALINDIA,2022-03,ROCE,109.07719741946545,Version Difference
COALINDIA,2023-03,ROCE,70.17573879154264,Version Difference
COALINDIA,2024-03,ROE,6.830170433941738,Data Source Issue
COALINDIA,2024-03,ROCE,34.567008391874786,Version Difference
DABUR,2013-03,ROE,17.363245823389025,Data Source Issue
DABUR,2013-03,ROCE,5.642082563154652,Version Difference
DABUR,2014-03,ROE,15.287951807228918,Data Source Issue
DABUR,2014-03,ROCE,9.358739595719381,Version Difference
DABUR,2015-03,ROE,12.642576028622539,Data Source Issue
DABUR,2015-03,ROCE,7.176516634050881,Version Difference
DABUR,2016-03,ROE,10.864732678014867,Data Source Issue
DABUR,2016-03,ROCE,5.5336012861736315,Version Difference
DABUR,2017-03,ROE,7.208087476789768,Data Source Issue
DABUR,2019-03,ROE,6.474715909090911,Data Source Issue
DIVISLAB,2013-03,ROE,11.870371851259495,Data Source Issue
DIVISLAB,2013-03,ROCE,12.66337805840568,Version Difference
DIVISLAB,2014-03,ROE,13.879622132253711,Data Source Issue
DIVISLAB,2014-03,ROCE,14.552984574111335,Version Difference
DIVISLAB,2015-03,ROE,12.170709382151031,Data Source Issue
DIVISLAB,2015-03,ROCE,12.935140505251205,Version Difference
DIVISLAB,2016-03,ROE,14.028744467738182,Data Source Issue
DIVISLAB,2016-03,ROCE,13.603806228373703,Version Difference
DIVISLAB,2017-03,ROE,7.587194325182008,Data Source Issue
DIVISLAB,2017-03,ROCE,8.105970702762843,Version Difference
DIVISLAB,2019-03,ROE,7.2480379473911185,Data Source Issue
DIVISLAB,2019-03,ROCE,7.639883902024636,Version Difference
DIVISLAB,2020-03,ROE,6.63720930232558,Data Source Issue
DIVISLAB,2020-03,ROCE,5.815961355286433,Version Difference
DIVISLAB,2021-03,ROE,9.14480903711673,Data Source Issue
DIVISLAB,2021-03,ROCE,11.575268817204304,Version Difference
DIVISLAB,2022-03,ROE,13.038744884038202,Data Source Issue
DIVISLAB,2022-03,ROCE,13.955165359699965,Version Difference
DLF,2015-03,ROE,5.097539186671051,Data Source Issue
DLF,2016-03,ROE,5.682809838381321,Data Source Issue
DLF,2018-03,ROE,5.7287686556597075,Data Source Issue
DLF,2020-03,ROE,8.662776148866374,Data Source Issue
DMART,2013-03,ROCE,6.548288973384029,Version Difference
DMART,2016-03,ROE,6.538790269559502,Data Source Issue
DMART,2021-03,ROE,5.479973736047274,Data Source Issue
DMART,2021-03,ROCE,8.817190108928996,Version Difference
DMART,2022-03,ROCE,5.410471204188481,Version Difference
DRREDDY,2013-03,ROCE,5.417520644711971,Version Difference
DRREDDY,2014-03,ROCE,5.40941500567169,Version Difference
DRREDDY,2015-03,ROCE,7.102809345662454,Version Difference
DRREDDY,2016-03,ROCE,9.880440927077444,Version Difference
DRREDDY,2017-03,ROE,10.863382808677212,Data Source Issue
DRREDDY,2017-03,ROCE,18.08905704307334,Version Difference
DRREDDY,2018-03,ROE,13.867387846006999,Data Source Issue
DRREDDY,2018-03,ROCE,19.279005838009407,Version Difference
DRREDDY,2019-03,ROE,7.4952652595550475,Data Source Issue
DRREDDY,2019-03,ROCE,15.06231105139402,Version Difference
DRREDDY,2020-03,ROE,8.41198794794538,Data Source Issue
DRREDDY,2020-03,ROCE,19.121708125105286,Version Difference
DRREDDY,2021-03,ROE,10.334867637889008,Data Source Issue
DRREDDY,2021-03,ROCE,13.704914860681114,Version Difference
DRREDDY,2022-03,ROE,10.042515094732458,Data Source Issue
DRREDDY,2022-03,ROCE,14.980261993273146,Version Difference
DRREDDY,2023-03,ROCE,5.308914870295947,Version Difference
DRREDDY,2024-03,ROCE,5.138947646747752,Version Difference
EICHERMOT,2016-03,ROE,12.427429509991786,Data Source Issue
EICHERMOT,2016-03,ROCE,11.147007616974975,Version Difference
EICHERMOT,2017-03,ROE,6.988026192703462,Data Source Issue
EICHERMOT,2017-03,ROCE,5.916675829210185,Version Difference
EICHERMOT,2020-03,ROE,5.895220919747519,Data Source Issue
EICHERMOT,2020-03,ROCE,13.494916911045944,Version Difference
EICHERMOT,2021-03,ROE,12.4234656408463,Data Source Issue
EICHERMOT,2021-03,ROCE,19.673389379771812,Version Difference
EICHERMOT,2022-03,ROE,10.898921319796953,Data Source Issue
EICHERMOT,2022-03,ROCE,17.526549229317396,Version Difference
EICHERMOT,2023-03,ROCE,11.987550726534888,Version Difference
EICHERMOT,2024-03,ROCE,10.893110918544195,Version Difference
GAIL,2015-03,ROCE,6.675226043239729,Version Difference
GAIL,2016-03,ROE,8.852072631376535,Data Source Issue
GAIL,2016-03,ROCE,8.012066879331206,Version Difference
GAIL,2017-03,ROE,5.415850400712378,Data Source Issue
GAIL,2020-03,ROE,5.312738491515791,Data Source Issue
GAIL,2021-03,ROCE,6.394373925149456,Version Difference
GAIL,2022-03,ROE,5.190816358361669,Data Source Issue
GAIL,2023-03,ROE,5.381089531319789,Data Source Issue
GAIL,2023-03,ROCE,8.90132216622554,Version Difference
GODREJCP,2013-03,ROE,18.735584062782976,Data Source Issue
GODREJCP,2013-03,ROCE,10.577363494539782,Version Difference
GODREJCP,2014-03,ROE,14.925364238410598,Data Source Issue
GODREJCP,2014-03,ROCE,8.809453480806766,Version Difference
GODREJCP,2015-03,ROE,15.869758756668986,Data Source Issue
GODREJCP,2015-03,ROCE,8.163306772908363,Version Difference
GODREJCP,2016-03,ROE,12.705041012420907,Data Source Issue
GODREJCP,2017-03,ROE,17.899935873255377,Data Source Issue
GODREJCP,2017-03,ROCE,7.517625497151453,Version Difference
GODREJCP,2018-03,ROE,19.34057845957175,Data Source Issue
GODREJCP,2018-03,ROCE,6.748038091337289,Version Difference
GODREJCP,2019-03,ROE,25.45787945507087,Data Source Issue
GODREJCP,2019-03,ROCE,8.065734810780352,Version Difference
GODREJCP,2020-03,ROE,12.184165611547229,Data Source Issue
GODREJCP,2020-03,ROCE,9.432560794909786,Version Difference
GODREJCP,2021-03,ROE,11.462863650810469,Data Source Issue
GODREJCP,2021-03,ROCE,7.070376891090859,Version Difference
GODREJCP,2022-03,ROE,8.659214260989962,Data Source Issue
GODREJCP,2022-03,ROCE,9.906289592760182,Version Difference
GODREJCP,2023-03,ROE,5.568697984630999,Data Source Issue
GODREJCP,2023-03,ROCE,11.701739480032163,Version Difference
GODREJCP,2024-03,ROE,11.22308779171297,Data Source Issue
GODREJCP,2024-03,ROCE,9.321858407079642,Version Difference
GRASIM,2013-03,ROE,12.319616421630974,Data Source Issue
GRASIM,2013-03,ROCE,6.696165302838359,Version Difference
GRASIM,2014-03,ROE,6.766435345824659,Data Source Issue
GRASIM,2016-03,ROE,5.696157351708045,Data Source Issue
GRASIM,2017-03,ROE,6.627893713958008,Data Source Issue
GRASIM,2022-03,ROE,7.903365962562253,Data Source Issue
GRASIM,2023-03,ROE,7.168730791699474,Data Source Issue
HAL,2016-03,ROE,1636.0999999999997,Data Source Issue
HAL,2016-03,ROCE,1131.3898550724637,Version Difference
HAL,2017-03,ROE,1938.0172932330827,Data Source Issue
HAL,2017-03,ROCE,1853.6925925925927,Version Difference
HAL,2018-03,ROE,1499.5615384615385,Data Source Issue
HAL,2018-03,ROCE,1850.5736842105264,Version Difference
HAL,2019-03,ROE,1735.0097744360903,Data Source Issue
HAL,2019-03,ROCE,2475.2843971631205,Version Difference
HAL,2020-03,ROE,2030.5202898550724,Data Source Issue
HAL,2020-03,ROCE,2733.9571428571426,Version Difference
HAL,2021-03,ROE,2220.4055555555556,Data Source Issue
HAL,2021-03,ROCE,2750.4333333333334,Version Difference
HAL,2022-03,ROE,3295.283006535948,Data Source Issue
HAL,2022-03,ROCE,2573.221212121212,Version Difference
HAL,2023-03,ROE,3254.1508474576267,Data Source Issue
HAL,2023-03,ROCE,2141.9035714285715,Version Difference
HAL,2024-03,ROE,3787.6829145728643,Data Source Issue
HAL,2024-03,ROCE,2552.093788819876,Version Difference
HAVELLS,2013-03,ROE,22.29126213592233,Data Source Issue
HAVELLS,2014-03,ROE,8.770708283313326,Data Source Issue
HAVELLS,2016-03,ROE,24.94681202510737,Data Source Issue
HAVELLS,2020-03,ROCE,5.034124087591241,Version Difference
HAVELLS,2023-03,ROCE,5.054110089064096,Version Difference
HCLTECH,2013-06,ROE,7.389759951382555,Data Source Issue
HCLTECH,2013-06,ROCE,5.894087837837837,Version Difference
HCLTECH,2014-06,ROE,10.091304347826092,Data Source Issue
HCLTECH,2014-06,ROCE,6.154570206145465,Version Difference
HCLTECH,2015-06,ROE,7.008784676354029,Data Source Issue
HCLTECH,2016-03,ROCE,7.676612478494434,Version Difference
HCLTECH,2020-03,ROCE,6.148022884917221,Version Difference
HCLTECH,2021-03,ROCE,6.482759033799063,Version Difference
HCLTECH,2022-03,ROCE,5.86177534904845,Version Difference
HDFCBANK,2016-03,ROCE,5.001504328690369,Version Difference
HDFCBANK,2023-03,ROCE,5.17079262141519,Version Difference
HDFCLIFE,2013-03,ROE,22.03305908750935,Data Source Issue
HDFCLIFE,2013-03,ROCE,1003.1132610321615,Version Difference
HDFCLIFE,2014-03,ROE,26.20373443983403,Data Source Issue
HDFCLIFE,2014-03,ROCE,850.2364730290456,Version Difference
HDFCLIFE,2015-03,ROE,19.532703659976384,Data Source Issue
HDFCLIFE,2015-03,ROCE,1028.3368713105078,Version Difference
HDFCLIFE,2016-03,ROE,14.929358685143411,Data Source Issue
HDFCLIFE,2016-03,ROCE,545.8231292297776,Version Difference
HDFCLIFE,2017-03,ROE,11.783481442760062,Data Source Issue
HDFCLIFE,2017-03,ROCE,767.9064662833246,Version Difference
HDFCLIFE,2018-03,ROE,12.12816153028693,Data Source Issue
HDFCLIFE,2018-03,ROCE,655.2816046758767,Version Difference
HDFCLIFE,2019-03,ROE,11.251542006380715,Data Source Issue
HDFCLIFE,2019-03,ROCE,659.7317227933356,Version Difference
HDFCLIFE,2020-03,ROE,7.653915087410018,Data Source Issue
HDFCLIFE,2020-03,ROCE,407.5518921698252,Version Difference
HDFCLIFE,2021-03,ROCE,753.5956277056276,Version Difference
HDFCLIFE,2022-03,ROCE,402.24654372764275,Version Difference
HDFCLIFE,2023-03,ROCE,495.79981137488346,Version Difference
HDFCLIFE,2024-03,ROCE,639.342868852459,Version Difference
HEROMOTOCO,2014-03,ROE,15.38218033078428,Data Source Issue
HEROMOTOCO,2014-03,ROCE,319.89272050110037,Version Difference
HEROMOTOCO,2015-03,ROE,14.14678899082569,Data Source Issue
HEROMOTOCO,2015-03,ROCE,324.4843373493976,Version Difference
HEROMOTOCO,2016-03,ROE,13.22752999773602,Data Source Issue
HEROMOTOCO,2016-03,ROCE,231.10295609971323,Version Difference
HEROMOTOCO,2017-03,ROE,12.373788290034895,Data Source Issue
HEROMOTOCO,2017-03,ROCE,193.29765528977973,Version Difference
HEROMOTOCO,2018-03,ROE,9.089208152355496,Data Source Issue
HEROMOTOCO,2018-03,ROCE,188.51475409836067,Version Difference
HEROMOTOCO,2019-03,ROCE,181.75467540202504,Version Difference
HEROMOTOCO,2020-03,ROCE,134.69298741503465,Version Difference
HEROMOTOCO,2021-03,ROCE,134.56875000000002,Version Difference
HEROMOTOCO,2022-03,ROE,7.303211964409668,Data Source Issue
HEROMOTOCO,2022-03,ROCE,126.53457330415756,Version Difference
HEROMOTOCO,2023-03,ROE,5.1892411143131625,Data Source Issue
HEROMOTOCO,2023-03,ROCE,141.37724105898747,Version Difference
HEROMOTOCO,2024-03,ROCE,144.6066375307293,Version Difference
HINDALCO,2013-03,ROCE,64.19983203476339,Version Difference
HINDALCO,2014-03,ROCE,61.141154138192874,Version Difference
HINDALCO,2015-03,ROE,9.524271439380103,Data Source Issue
HINDALCO,2015-03,ROCE,74.79230596365066,Version Difference
HINDALCO,2016-03,ROE,11.928680834297815,Data Source Issue
HINDALCO,2016-03,ROCE,68.79726241436377,Version Difference
HINDALCO,2017-03,ROE,6.113936472784905,Data Source Issue
HINDALCO,2017-03,ROCE,64.61284720958172,Version Difference
HINDALCO,2018-03,ROCE,79.4001103566953,Version Difference
HINDALCO,2019-03,ROCE,89.00750755122094,Version Difference
HINDALCO,2020-03,ROCE,66.62780706461695,Version Difference
HINDALCO,2021-03,ROCE,69.32046224362377,Version Difference
HINDALCO,2022-03,ROE,7.3595656789144535,Data Source Issue
HINDALCO,2022-03,ROCE,100.8294952935652,Version Difference
HINDALCO,2023-03,ROCE,113.42839577812596,Version Difference
HINDALCO,2024-03,ROCE,102.27952517507477,Version Difference
HINDUNILVR,2013-03,ROE,113.79650959860383,Data Source Issue
HINDUNILVR,2013-03,ROCE,752.4885813148788,Version Difference
HINDUNILVR,2014-03,ROE,91.64619734238055,Data Source Issue
HINDUNILVR,2014-03,ROCE,647.6255651688529,Version Difference
HINDUNILVR,2015-03,ROE,88.46650111745717,Data Source Issue
HINDUNILVR,2015-03,ROCE,617.4683046683047,Version Difference
HINDUNILVR,2016-03,ROE,42.95228966986156,Data Source Issue
HINDUNILVR,2016-03,ROCE,356.8444444444445,Version Difference
HINDUNILVR,2017-03,ROE,46.37769869513642,Data Source Issue
HINDUNILVR,2017-03,ROCE,348.84329867540237,Version Difference
HINDUNILVR,2018-03,ROE,51.58958934212333,Data Source Issue
HINDUNILVR,2018-03,ROCE,350.8524653206977,Version Difference
HINDUNILVR,2019-03,ROE,56.83063429515698,Data Source Issue
HINDUNILVR,2019-03,ROCE,347.7058498619131,Version Difference
HINDUNILVR,2020-03,ROE,61.899890630696305,Data Source Issue
HINDUNILVR,2020-03,ROCE,324.24002916514763,Version Difference
HINDUNILVR,2021-03,ROCE,44.80570541594999,Version Difference
HINDUNILVR,2022-03,ROCE,49.63618074405237,Version Difference
HINDUNILVR,2023-03,ROCE,60.714135434660236,Version Difference
HINDUNILVR,2024-03,ROCE,60.12306174338734,Version Difference
ICICIBANK,2016-03,ROE,7.189242490250875,Data Source Issue
ICICIBANK,2017-03,ROE,7.962015444605857,Data Source Issue
ICICIBANK,2018-03,ROE,10.574383078730905,Data Source Issue
ICICIBANK,2019-03,ROE,13.82069967528205,Data Source Issue
ICICIBANK,2020-03,ROE,9.671014964216006,Data Source Issue
ICICIBANK,2021-03,ROE,5.877614270212645,Data Source Issue
ICICIGI,2013-03,ROCE,198.99732620320856,Version Difference
ICICIGI,2014-03,ROCE,166.63951545530492,Version Difference
ICICIGI,2015-03,ROCE,130.02945252945253,Version Difference
ICICIGI,2016-03,ROCE,138.51328390485017,Version Difference
ICICIGI,2017-03,ROCE,127.8419972640219,Version Difference
ICICIGI,2018-03,ROCE,119.22304019100676,Version Difference
ICICIGI,2019-03,ROCE,138.82540356839422,Version Difference
ICICIGI,2020-03,ROCE,123.36795588457471,Version Difference
ICICIGI,2021-03,ROCE,100.7063334982682,Version Difference
ICICIGI,2022-03,ROCE,134.87722269263338,Version Difference
ICICIGI,2023-03,ROCE,134.67148582880046,Version Difference
ICICIGI,2024-03,ROCE,122.72875816993462,Version Difference
ICICIPRULI,2013-03,ROE,30.177917192628122,Data Source Issue
ICICIPRULI,2013-03,ROCE,476.960679121434,Version Difference
ICICIPRULI,2014-03,ROE,27.544875655943414,Data Source Issue
ICICIPRULI,2014-03,ROCE,455.24726214921293,Version Difference
ICICIPRULI,2015-03,ROE,23.07909781576448,Data Source Issue
ICICIPRULI,2015-03,ROCE,613.4342355175688,Version Difference
ICICIPRULI,2016-03,ROE,22.92755776817584,Data Source Issue
ICICIPRULI,2016-03,ROCE,290.49433249370276,Version Difference
ICICIPRULI,2017-03,ROE,18.186634405245083,Data Source Issue
ICICIPRULI,2017-03,ROCE,552.4738526381518,Version Difference
ICICIPRULI,2018-03,ROE,16.557319744447824,Data Source Issue
ICICIPRULI,2018-03,ROCE,554.3470489808336,Version Difference
ICICIPRULI,2019-03,ROE,8.506917479260661,Data Source Issue
ICICIPRULI,2019-03,ROCE,585.9960340561781,Version Difference
ICICIPRULI,2020-03,ROE,6.722735338971303,Data Source Issue
ICICIPRULI,2020-03,ROCE,286.3144669347013,Version Difference
ICICIPRULI,2021-03,ROCE,801.3382723833543,Version Difference
ICICIPRULI,2022-03,ROCE,625.1658138636802,Version Difference
ICICIPRULI,2023-03,ROCE,453.17205491585474,Version Difference
ICICIPRULI,2024-03,ROCE,745.2278779188856,Version Difference
INDUSINDBK,2013-03,ROCE,5.29819930904699,Version Difference
INDUSINDBK,2014-03,ROCE,5.015651250785818,Version Difference
INDUSINDBK,2015-03,ROCE,5.077899351019013,Version Difference
INDUSINDBK,2021-03,ROE,8.660163726507552,Data Source Issue
INDUSINDBK,2022-03,ROE,5.532928005367101,Data Source Issue
INFY,2013-03,ROE,6.982923619518871,Data Source Issue
INFY,2013-03,ROCE,12.524609148812967,Version Difference
INFY,2014-03,ROE,7.8700651246350795,Data Source Issue
INFY,2014-03,ROCE,12.88794071412531,Version Difference
INFY,2015-03,ROE,7.414947965941344,Data Source Issue
INFY,2015-03,ROCE,12.670293282876063,Version Difference
INFY,2016-03,ROE,9.95334283493133,Data Source Issue
INFY,2016-03,ROCE,14.701995335579163,Version Difference
INFY,2017-03,ROE,10.993122843640371,Data Source Issue
INFY,2017-03,ROCE,15.49940564205155,Version Difference
INFY,2018-03,ROE,7.110752737858693,Data Source Issue
INFY,2018-03,ROCE,13.878286585647611,Version Difference
INFY,2019-03,ROE,8.073326353390406,Data Source Issue
INFY,2019-03,ROCE,12.040709490669457,Version Difference
INFY,2020-03,ROE,6.377540106951873,Data Source Issue
INFY,2020-03,ROCE,12.355635460810753,Version Difference
INFY,2021-03,ROE,6.36090948383125,Data Source Issue
INFY,2021-03,ROCE,9.854057495469906,Version Difference
INFY,2022-03,ROCE,5.33826586162526,Version Difference
INFY,2024-03,ROCE,7.093029282197456,Version Difference
IOC,2013-03,ROE,19.686236337389154,Data Source Issue
IOC,2013-03,ROCE,15.960574953506036,Version Difference
IOC,2014-03,ROE,15.181286646150223,Data Source Issue
IOC,2014-03,ROCE,14.63919811581475,Version Difference
IOC,2015-03,ROE,18.36189679218968,Data Source Issue
IOC,2015-03,ROCE,17.304765376705923,Version Difference
IOC,2016-03,ROE,11.644712158257391,Data Source Issue
IOC,2016-03,ROCE,10.309003581719763,Version Difference
IOC,2017-03,ROE,5.473497884344148,Data Source Issue
IOC,2018-03,ROE,5.5706707413456975,Data Source Issue
IOC,2019-03,ROE,10.081101103415167,Data Source Issue
IOC,2019-03,ROCE,8.522403337889633,Version Difference
IOC,2020-03,ROE,27.406498249439192,Data Source Issue
IOC,2020-03,ROCE,18.743255768513418,Version Difference
IOC,2021-03,ROE,5.981497523203206,Data Source Issue
IOC,2021-03,ROCE,8.62306376292743,Version Difference
IOC,2022-03,ROE,6.173889991388027,Data Source Issue
IOC,2022-03,ROCE,7.97566248046544,Version Difference
IOC,2023-03,ROE,17.06330644641822,Data Source Issue
IOC,2023-03,ROCE,15.247609543536843,Version Difference
IRCTC,2015-03,ROE,10.895495495495496,Data Source Issue
IRCTC,2015-03,ROCE,24.070270270270267,Version Difference
IRCTC,2016-03,ROE,5.5291512915129175,Data Source Issue
IRCTC,2016-03,ROCE,22.619188191881918,Version Difference
IRCTC,2017-03,ROE,11.30216010165184,Data Source Issue
IRCTC,2017-03,ROCE,16.697077509529855,Version Difference
IRCTC,2018-03,ROE,17.258638743455496,Data Source Issue
IRCTC,2018-03,ROCE,27.621989528795808,Version Difference
IRCTC,2019-03,ROE,11.548459383753503,Data Source Issue
IRCTC,2019-03,ROCE,20.746778711484595,Version Difference
IRCTC,2021-03,ROE,27.556593406593407,Data Source Issue
IRCTC,2021-03,ROCE,44.54918566775244,Version Difference
IRCTC,2022-03,ROE,5.1058823529411725,Data Source Issue
IRCTC,2022-03,ROCE,12.027848101265818,Version Difference
IRCTC,2023-03,ROCE,6.102888368462139,Version Difference
IRCTC,2024-03,ROE,6.003715170278639,Data Source Issue
IRCTC,2024-03,ROCE,10.973252279635254,Version Difference
IRFC,2013-03,ROE,5.536096340319048,Data Source Issue
IRFC,2016-03,ROE,6.333405639913232,Data Source Issue
IRFC,2017-03,ROE,5.9224997918227995,Data Source Issue
ITC,2013-03,ROCE,9.788581255374034,Version Difference
ITC,2014-03,ROCE,9.328212817060304,Version Difference
ITC,2015-03,ROCE,6.558543977503518,Version Difference
ITC,2016-03,ROE,7.208987816307403,Data Source Issue
ITC,2017-03,ROE,6.896583069398659,Data Source Issue
ITC,2018-03,ROE,7.58274043039421,Data Source Issue
ITC,2018-03,ROCE,5.671201613824074,Version Difference
ITC,2019-03,ROE,7.76593682893424,Data Source Issue
ITC,2019-03,ROCE,5.784782770395914,Version Difference
ITC,2020-03,ROE,5.58110259984986,Data Source Issue
ITC,2020-03,ROCE,7.759237223493518,Version Difference
ITC,2021-03,ROE,7.293255505658937,Data Source Issue
ITC,2021-03,ROCE,9.323660958791116,Version Difference
JINDALSTEL,2014-03,ROE,5.714329942503317,Data Source Issue
JINDALSTEL,2014-03,ROCE,6.468676455627522,Version Difference
JINDALSTEL,2015-03,ROE,21.000484744796122,Data Source Issue
JINDALSTEL,2015-03,ROCE,9.095886870144117,Version Difference
JINDALSTEL,2016-03,ROE,23.617203107658156,Data Source Issue
JINDALSTEL,2016-03,ROCE,13.9963853444903,Version Difference
JINDALSTEL,2017-03,ROE,22.54564240790656,Data Source Issue
JINDALSTEL,2017-03,ROCE,12.19869566935877,Version Difference
JINDALSTEL,2018-03,ROE,19.418413690965934,Data Source Issue
JINDALSTEL,2018-03,ROCE,9.674293427134034,Version Difference
JINDALSTEL,2019-03,ROE,21.617531556802245,Data Source Issue
JINDALSTEL,2019-03,ROCE,9.107542850762101,Version Difference
JINDALSTEL,2020-03,ROE,15.344671251205774,Data Source Issue
JINDALSTEL,2020-03,ROCE,8.266776873885238,Version Difference
JINDALSTEL,2022-03,ROCE,14.11288293606367,Version Difference
JSWENERGY,2013-03,ROE,6.122888459058672,Data Source Issue
JSWENERGY,2014-03,ROCE,6.070910235653896,Version Difference
JSWENERGY,2015-03,ROE,9.663314711359403,Data Source Issue
JSWENERGY,2015-03,ROCE,8.26700689983345,Version Difference
JSWENERGY,2016-03,ROE,6.645342126957955,Data Source Issue
JSWENERGY,2018-03,ROE,7.634923492349236,Data Source Issue
JSWSTEEL,2013-03,ROE,6.216108995019045,Data Source Issue
JSWSTEEL,2014-03,ROE,9.761445168603004,Data Source Issue
JSWSTEEL,2016-03,ROE,14.196117262469683,Data Source Issue
JSWSTEEL,2016-03,ROCE,8.29379107405591,Version Difference
JSWSTEEL,2018-03,ROE,10.17370240731481,Data Source Issue
JSWSTEEL,2019-03,ROE,9.963796522488863,Data Source Issue
JSWSTEEL,2020-03,ROCE,5.640304421456407,Version Difference
JSWSTEEL,2021-03,ROE,5.175600034214355,Data Source Issue
JSWSTEEL,2022-03,ROE,19.452828209281247,Data Source Issue
JSWSTEEL,2022-03,ROCE,10.371133630512993,Version Difference
JSWSTEEL,2023-03,ROE,5.359672730040338,Data Source Issue
JSWSTEEL,2023-03,ROCE,5.856656385621093,Version Difference
LICI,2019-03,ROE,260.71098765432095,Data Source Issue
LICI,2019-03,ROCE,61.72346680927127,Version Difference
LICI,2020-03,ROE,206.84908183632734,Data Source Issue
LICI,2020-03,ROCE,66.66953587824665,Version Difference
LICI,2021-03,ROE,20.408373038930854,Data Source Issue
LICI,2021-03,ROCE,73.50254355400696,Version Difference
LICI,2022-03,ROE,27.22792203210443,Data Source Issue
LICI,2022-03,ROCE,38.30274362818591,Version Difference
LICI,2023-03,ROE,14.249970151190709,Data Source Issue
LICI,2023-03,ROCE,9.19033871909675,Version Difference
LICI,2024-03,ROE,14.162890134989787,Data Source Issue
LICI,2024-03,ROCE,24.739641678852408,Version Difference
LODHA,2011-03,ROE,24.783870967741937,Data Source Issue
LODHA,2012-03,ROE,23.136589698046183,Data Source Issue
LODHA,2015-03,ROE,13.525865209471768,Data Source Issue
LODHA,2016-03,ROE,6.994437452806444,Data Source Issue
LODHA,2017-03,ROCE,5.3916501780767705,Version Difference
LODHA,2018-03,ROCE,6.465168539325842,Version Difference
LODHA,2019-03,ROE,32.10135381411091,Data Source Issue
LODHA,2020-03,ROE,5.600527240773285,Data Source Issue
LODHA,2021-03,ROE,9.656294846705805,Data Source Issue
LODHA,2021-03,ROCE,5.352369252369252,Version Difference
LODHA,2023-03,ROE,6.830458817025981,Data Source Issue
LT,2013-03,ROE,384.65563106796117,Data Source Issue
LT,2013-03,ROCE,603.0997202797203,Version Difference
LT,2014-03,ROE,292.92614906832296,Data Source Issue
LT,2014-03,ROCE,717.7037209302326,Version Difference
LT,2015-03,ROE,234.62352418558737,Data Source Issue
LT,2015-03,ROCE,564.8609982174688,Version Difference
LT,2016-03,ROE,205.6041176470588,Data Source Issue
LT,2016-03,ROCE,611.214495412844,Version Difference
LT,2017-03,ROE,195.8077099236641,Data Source Issue
LT,2017-03,ROCE,436.06427480916034,Version Difference
LT,2018-03,ROE,196.86751295336788,Data Source Issue
LT,2018-03,ROCE,446.239689119171,Version Difference
LT,2019-03,ROE,198.31850194154913,Data Source Issue
LT,2019-03,ROCE,410.8396198651134,Version Difference
LT,2020-03,ROE,191.10141376757954,Data Source Issue
LT,2020-03,ROCE,332.5825079164028,Version Difference
LT,2021-03,ROE,166.41306681270535,Data Source Issue
LT,2021-03,ROCE,236.5351320661565,Version Difference
LT,2022-03,ROE,62.431332586786105,Data Source Issue
LT,2022-03,ROCE,129.70574178468308,Version Difference
LT,2023-03,ROE,65.03434908389586,Data Source Issue
LT,2023-03,ROCE,113.32239894115699,Version Difference
LT,2024-03,ROE,67.17510140873215,Data Source Issue
LT,2024-03,ROCE,101.35411200144867,Version Difference
LTIM,2013-03,ROE,15.93162061239731,Data Source Issue
LTIM,2013-03,ROCE,13.388874761602032,Version Difference
LTIM,2014-03,ROE,35.82335403726708,Data Source Issue
LTIM,2014-03,ROCE,25.027906976744184,Version Difference
LTIM,2015-03,ROE,11.916564659427443,Data Source Issue
LTIM,2016-03,ROE,13.301176470588238,Data Source Issue
LTIM,2016-03,ROCE,5.074311926605503,Version Difference
LTIM,2018-03,ROCE,7.390155440414507,Version Difference
LTIM,2020-03,ROCE,6.297593413552882,Version Difference
LTIM,2024-03,ROCE,8.892883335596906,Version Difference
M&M,2013-03,ROCE,12.52404996712689,Version Difference
M&M,2014-03,ROCE,13.29870574956391,Version Difference
M&M,2015-03,ROCE,16.521776439593527,Version Difference
M&M,2016-03,ROCE,15.752136086413403,Version Difference
M&M,2017-03,ROCE,16.893419913419912,Version Difference
M&M,2018-03,ROCE,16.247639981440116,Version Difference
M&M,2019-03,ROCE,16.860087701094457,Version Difference
M&M,2020-03,ROE,18.793122419875402,Data Source Issue
M&M,2020-03,ROCE,21.416388363195452,Version Difference
M&M,2021-03,ROE,14.35381126448944,Data Source Issue
M&M,2021-03,ROCE,20.344537219635537,Version Difference
M&M,2022-03,ROCE,18.020504137002117,Version Difference
M&M,2023-03,ROCE,16.26222968380963,Version Difference
M&M,2024-03,ROCE,15.444684248757413,Version Difference
MARUTI,2013-03,ROCE,11.673107248628442,Version Difference
MARUTI,2014-03,ROCE,10.078510638297875,Version Difference
MARUTI,2015-03,ROCE,6.150787704130643,Version Difference
MARUTI,2019-03,ROCE,6.665428764920005,Version Difference
MARUTI,2020-03,ROCE,15.953807488356153,Version Difference
MARUTI,2021-03,ROE,7.390159235062189,Data Source Issue
MARUTI,2021-03,ROCE,19.188645601598736,Version Difference
MARUTI,2022-03,ROE,8.737909565720276,Data Source Issue
MARUTI,2022-03,ROCE,18.3560596495633,Version Difference
MARUTI,2023-03,ROCE,12.758703723235948,Version Difference
MARUTI,2024-03,ROCE,8.079072357296951,Version Difference
MOTHERSON,2013-03,ROE,7.946614242027085,Data Source Issue
MOTHERSON,2014-03,ROE,25.273335586346736,Data Source Issue
MOTHERSON,2014-03,ROCE,6.559007565072445,Version Difference
MOTHERSON,2015-03,ROE,27.068832731648616,Data Source Issue
MOTHERSON,2015-03,ROCE,9.04393849793022,Version Difference
MOTHERSON,2016-03,ROE,28.54569024334774,Data Source Issue
MOTHERSON,2016-03,ROCE,9.814236575578065,Version Difference
MOTHERSON,2017-03,ROE,14.45725338491296,Data Source Issue
MOTHERSON,2018-03,ROE,11.065236746256573,Data Source Issue
MOTHERSON,2019-03,ROE,7.337097509805709,Data Source Issue
MOTHERSON,2020-03,ROCE,5.776894700168053,Version Difference
MOTHERSON,2021-03,ROCE,7.803956555469355,Version Difference
MOTHERSON,2022-03,ROE,6.058791529046046,Data Source Issue
MOTHERSON,2022-03,ROCE,8.642104959963131,Version Difference
MOTHERSON,2023-03,ROCE,5.105474009491225,Version Difference
NAUKRI,2013-03,ROE,10.06,Data Source Issue
NAUKRI,2013-03,ROCE,14.248193760262724,Version Difference
NAUKRI,2014-03,ROE,6.488571428571429,Data Source Issue
NAUKRI,2014-03,ROCE,7.642719167904904,Version Difference
NAUKRI,2015-03,ROCE,5.486158192090396,Version Difference
NAUKRI,2016-03,ROE,5.207440051847051,Data Source Issue
NAUKRI,2017-03,ROE,5.141005025125628,Data Source Issue
NAUKRI,2017-03,ROCE,6.28653483992467,Version Difference
NAUKRI,2018-03,ROE,22.05877750611247,Data Source Issue
NAUKRI,2018-03,ROCE,5.587536656891496,Version Difference
NAUKRI,2019-03,ROE,20.83959103421156,Data Source Issue
NAUKRI,2020-03,ROE,13.647289293849658,Data Source Issue
NAUKRI,2020-03,ROCE,21.167605633802815,Version Difference
NAUKRI,2021-03,ROE,23.838724981467752,Data Source Issue
NAUKRI,2022-03,ROE,72.27291033522793,Data Source Issue
NESTLEIND,2013-12,ROE,88.43939189189192,Data Source Issue
NESTLEIND,2013-12,ROCE,139.9422294068035,Version Difference
NESTLEIND,2014-12,ROE,93.84052520267889,Data Source Issue
NESTLEIND,2014-12,ROCE,125.89202310115506,Version Difference
NESTLEIND,2015-12,ROE,115.62419950301741,Data Source Issue
NESTLEIND,2015-12,ROCE,142.81977072310406,Version Difference
NESTLEIND,2016-12,ROE,105.11030469226083,Data Source Issue
NESTLEIND,2016-12,ROCE,140.30179487179487,Version Difference
NESTLEIND,2017-12,ROE,99.79128654970762,Data Source Issue
NESTLEIND,2017-12,ROCE,134.63405209840812,Version Difference
NESTLEIND,2018-12,ROE,91.85829839368365,Data Source Issue
NESTLEIND,2018-12,ROCE,123.88738942826322,Version Difference
NESTLEIND,2019-12,ROE,33.003117831074036,Data Source Issue
NESTLEIND,2019-12,ROCE,64.12008068343617,Version Difference
NESTLEIND,2020-12,ROE,32.489643387815775,Data Source Issue
NESTLEIND,2020-12,ROCE,54.68207756232687,Version Difference
NESTLEIND,2021-12,ROE,26.771356628982545,Data Source Issue
NESTLEIND,2021-12,ROCE,42.07556962025316,Version Difference
NESTLEIND,2022-12,ROE,38.3753517690118,Data Source Issue
NESTLEIND,2022-12,ROCE,64.44098901098903,Version Difference
NESTLEIND,2023-12,ROE,13.649853599023999,Data Source Issue
NESTLEIND,2023-12,ROCE,37.37139194139195,Version Difference
NESTLEIND,2024-03,ROE,17.855508982035943,Data Source Issue
NESTLEIND,2024-03,ROCE,42.28210312075984,Version Difference
NTPC,2019-03,ROCE,5.643199901552309,Version Difference
ONGC,2015-03,ROCE,9.352020657084715,Version Difference
ONGC,2016-03,ROE,7.6966063069347985,Data Source Issue
ONGC,2016-03,ROCE,10.359531058632056,Version Difference
ONGC,2017-03,ROCE,7.799207951460382,Version Difference
ONGC,2018-03,ROCE,8.834155984660415,Version Difference
ONGC,2020-03,ROE,8.734540915828068,Data Source Issue
ONGC,2020-03,ROCE,12.097402600896057,Version Difference
ONGC,2021-03,ROCE,12.951907795170655,Version Difference
ONGC,2022-03,ROCE,5.819429105426369,Version Difference
ONGC,2023-03,ROCE,7.657562319402604,Version Difference
PFC,2013-03,ROCE,6.294115829926511,Version Difference
PFC,2014-03,ROCE,5.88903388187665,Version Difference
PFC,2015-03,ROCE,6.135853518977685,Version Difference
PFC,2016-03,ROCE,6.0975312647874,Version Difference
PFC,2017-03,ROE,13.421333966616906,Data Source Issue
PFC,2017-03,ROCE,7.777693609853318,Version Difference
PFC,2018-03,ROCE,7.519799162136034,Version Difference
PFC,2019-03,ROE,7.334558052672904,Data Source Issue
PFC,2019-03,ROCE,6.931065905910071,Version Difference
PFC,2020-03,ROCE,7.794544190748359,Version Difference
PFC,2021-03,ROE,6.37272154294272,Data Source Issue
PFC,2021-03,ROCE,7.20532895458249,Version Difference
PFC,2022-03,ROE,6.69449690272895,Data Source Issue
PFC,2022-03,ROCE,6.777190965810379,Version Difference
PFC,2023-03,ROE,5.675759642577059,Data Source Issue
PFC,2023-03,ROCE,6.793653371897582,Version Difference
PFC,2024-03,ROE,6.670934086033203,Data Source Issue
PFC,2024-03,ROCE,6.479601124692143,Version Difference
PIDILITIND,2016-03,ROE,7.791357088703563,Data Source Issue
PIDILITIND,2016-03,ROCE,9.7775570272259,Version Difference
PIDILITIND,2022-03,ROCE,6.004985337243401,Version Difference
PIDILITIND,2023-03,ROCE,7.129961857161646,Version Difference
PNB,2013-03,ROE,803.5977346278316,Data Source Issue
PNB,2014-03,ROE,384.66188436830834,Data Source Issue
PNB,2015-03,ROE,214.5425585813806,Data Source Issue
PNB,2016-03,ROE,172.26011183597387,Data Source Issue
PNB,2017-03,ROE,13.512262459662963,Data Source Issue
PNB,2018-03,ROE,193.0659613335363,Data Source Issue
PNB,2019-03,ROE,137.1465366509751,Data Source Issue
PNB,2021-03,ROE,21.693594225780984,Data Source Issue
PNB,2022-03,ROE,31.17348229772472,Data Source Issue
PNB,2023-03,ROE,21.967397060166164,Data Source Issue
PNB,2024-03,ROE,52.62056519118731,Data Source Issue
POWERGRID,2013-03,ROCE,5.452917311472666,Version Difference
POWERGRID,2014-03,ROE,5.892616289123293,Data Source Issue
POWERGRID,2014-03,ROCE,5.725942245917354,Version Difference
POWERGRID,2015-03,ROE,5.8727074065402345,Data Source Issue
POWERGRID,2015-03,ROCE,5.957755305089024,Version Difference
POWERGRID,2016-03,ROE,5.447577894018648,Data Source Issue
POWERGRID,2016-03,ROCE,5.3306101039242035,Version Difference
POWERGRID,2019-03,ROCE,5.228325992261455,Version Difference
RECLTD,2018-03,ROE,8.541598134282557,Data Source Issue
RECLTD,2019-03,ROE,5.581578185607597,Data Source Issue
RECLTD,2020-03,ROE,8.153611888013108,Data Source Issue
SBILIFE,2013-03,ROE,11.026315789473685,Data Source Issue
SBILIFE,2014-03,ROE,9.69249106078665,Data Source Issue
SBILIFE,2015-03,ROE,8.093688362919131,Data Source Issue
SBILIFE,2015-03,ROCE,5.537672583826431,Version Difference
SBILIFE,2016-03,ROE,5.832241707162478,Data Source Issue
SBILIFE,2016-03,ROCE,5.456243397422355,Version Difference
SBILIFE,2017-03,ROE,5.201008645533143,Data Source Issue
SBILIFE,2017-03,ROCE,5.171757925072047,Version Difference
SBILIFE,2018-03,ROE,5.616421568627452,Data Source Issue
SBILIFE,2018-03,ROCE,6.300612745098039,Version Difference
SBILIFE,2019-03,ROE,5.51583949313622,Data Source Issue
SBILIFE,2019-03,ROCE,5.041816261879621,Version Difference
SBILIFE,2021-03,ROCE,5.767307692307691,Version Difference
SBILIFE,2022-03,ROCE,7.564136981586645,Version Difference
SBILIFE,2023-03,ROCE,12.785189737286833,Version Difference
SBILIFE,2024-03,ROCE,12.059672658975046,Version Difference
SHREECEM,2013-06,ROE,13.91862643080125,Data Source Issue
SHREECEM,2013-06,ROCE,7.121278254091973,Version Difference
SHREECEM,2015-06,ROCE,8.034296786694656,Version Difference
SHREECEM,2016-03,ROCE,7.30679435744791,Version Difference
SHREECEM,2017-03,ROE,5.194128345024684,Data Source Issue
SHREECEM,2023-03,ROCE,8.71882402509246,Version Difference
SHRIRAMFIN,2013-03,ROCE,6.005824575189078,Version Difference
SHRIRAMFIN,2014-03,ROCE,7.129444208739924,Version Difference
SHRIRAMFIN,2015-03,ROCE,8.355091939028966,Version Difference
SHRIRAMFIN,2016-03,ROCE,8.321645599172864,Version Difference
SHRIRAMFIN,2017-03,ROCE,8.292796373346583,Version Difference
SHRIRAMFIN,2018-03,ROCE,7.367667838991453,Version Difference
SHRIRAMFIN,2019-03,ROCE,7.682259788018523,Version Difference
SHRIRAMFIN,2020-03,ROCE,8.26660967247535,Version Difference
SHRIRAMFIN,2021-03,ROCE,8.754449061693553,Version Difference
SHRIRAMFIN,2022-03,ROE,5.472715079517149,Data Source Issue
SHRIRAMFIN,2022-03,ROCE,8.794696362307633,Version Difference
SHRIRAMFIN,2023-03,ROCE,7.353227033324668,Version Difference
SHRIRAMFIN,2024-03,ROCE,7.235657801614283,Version Difference
SIEMENS,2014-09,ROE,5.317142857142857,Data Source Issue
SIEMENS,2014-09,ROCE,28.114285714285714,Version Difference
SIEMENS,2015-09,ROCE,10.547491248541425,Version Difference
SIEMENS,2016-09,ROE,23.73404380420402,Data Source Issue
SIEMENS,2016-09,ROCE,13.986057410661981,Version Difference
SIEMENS,2017-09,ROCE,14.442652795838754,Version Difference
SIEMENS,2018-09,ROE,8.243270273526932,Data Source Issue
SIEMENS,2018-09,ROCE,11.995951319436077,Version Difference
SIEMENS,2019-09,ROE,6.9550116034921,Data Source Issue
SIEMENS,2019-09,ROCE,11.333230191181347,Version Difference
SIEMENS,2020-09,ROE,10.998440792246102,Data Source Issue
SIEMENS,2020-09,ROCE,17.68807416772019,Version Difference
SIEMENS,2021-09,ROE,8.575210205856772,Data Source Issue
SIEMENS,2021-09,ROCE,14.441657810839533,Version Difference
SIEMENS,2022-09,ROE,5.809732988802757,Data Source Issue
SIEMENS,2022-09,ROCE,12.514857530529174,Version Difference
SIEMENS,2023-09,ROCE,9.2676217765043,Version Difference
SIEMENS,2024-09,ROCE,7.858889741621901,Version Difference
SUNPHARMA,2013-03,ROE,6.442094729819878,Data Source Issue
SUNPHARMA,2013-03,ROCE,11.867213114754097,Version Difference
SUNPHARMA,2014-03,ROCE,13.971933984634354,Version Difference
SUNPHARMA,2018-03,ROE,10.06534948060761,Data Source Issue
SUNPHARMA,2018-03,ROCE,8.817279615597856,Version Difference
SUNPHARMA,2019-03,ROE,8.952891883406988,Data Source Issue
SUNPHARMA,2019-03,ROCE,8.394505325193075,Version Difference
SUNPHARMA,2020-03,ROE,7.483165801391802,Data Source Issue
SUNPHARMA,2020-03,ROCE,8.098805524449423,Version Difference
SUNPHARMA,2021-03,ROE,11.810087596582227,Data Source Issue
SUNPHARMA,2022-03,ROE,9.641200974776613,Data Source Issue
TATACONSUM,2016-03,ROE,8.912284296462301,Data Source Issue
TATACONSUM,2016-03,ROCE,7.324115247993684,Version Difference
TATAMOTORS,2013-03,ROE,22.894167973005285,Data Source Issue
TATAMOTORS,2014-03,ROE,27.983622949820134,Data Source Issue
TATAMOTORS,2015-03,ROE,24.386669510504426,Data Source Issue
TATAMOTORS,2016-03,ROE,34.608734420913976,Data Source Issue
TATAMOTORS,2016-03,ROCE,5.47947030584174,Version Difference
TATAMOTORS,2017-03,ROE,36.384602666115526,Data Source Issue
TATAMOTORS,2017-03,ROCE,11.55069000336587,Version Difference
TATAMOTORS,2018-03,ROE,39.873445948778134,Data Source Issue
TATAMOTORS,2018-03,ROCE,14.72842638492662,Version Difference
TATAMOTORS,2019-03,ROE,97.13093604081158,Data Source Issue
TATAMOTORS,2019-03,ROCE,19.45498996116715,Version Difference
TATAMOTORS,2020-03,ROE,68.38413101032039,Data Source Issue
TATAMOTORS,2020-03,ROCE,21.930018044680548,Version Difference
TATAMOTORS,2021-03,ROE,73.64566039784965,Data Source Issue
TATAMOTORS,2021-03,ROCE,15.67194824144535,Version Difference
TATAMOTORS,2022-03,ROE,74.77869437400417,Data Source Issue
TATAMOTORS,2022-03,ROCE,20.160729804722266,Version Difference
TATAMOTORS,2023-03,ROE,43.464692643749174,Data Source Issue
TATAMOTORS,2023-03,ROCE,16.22338729902193,Version Difference
TATAMOTORS,2024-03,ROE,11.94386584705245,Data Source Issue
TATAPOWER,2013-03,ROE,10.302837454398055,Data Source Issue
TATAPOWER,2014-03,ROE,11.203233610192727,Data Source Issue
TATAPOWER,2015-03,ROE,8.108213437630955,Data Source Issue
TATAPOWER,2016-03,ROCE,10.196707737411355,Version Difference
TATAPOWER,2017-03,ROCE,5.430071418207612,Version Difference
TATAPOWER,2018-03,ROCE,11.178476026343324,Version Difference
TATAPOWER,2019-03,ROCE,10.086693807905883,Version Difference
TATAPOWER,2020-03,ROCE,5.266596738552767,Version Difference
TATAPOWER,2021-03,ROCE,5.050543958511393,Version Difference
TATAPOWER,2022-03,ROCE,5.791527357170987,Version Difference
TATAPOWER,2023-03,ROCE,5.851012715546254,Version Difference
TATASTEEL,2013-03,ROE,27.83058059229779,Data Source Issue
TATASTEEL,2013-03,ROCE,8.587657569059697,Version Difference
TATASTEEL,2015-03,ROE,19.114994098695334,Data Source Issue
TATASTEEL,2015-03,ROCE,9.282382864792503,Version Difference
TATASTEEL,2016-03,ROE,7.686467575230952,Data Source Issue
TATASTEEL,2016-03,ROCE,11.737663996691033,Version Difference
TATASTEEL,2017-03,ROE,17.573559586451253,Data Source Issue
TATASTEEL,2018-03,ROE,22.598527213287117,Data Source Issue
TATASTEEL,2019-03,ROE,6.684675371780922,Data Source Issue
TATASTEEL,2019-03,ROCE,5.9267836291762155,Version Difference
TATASTEEL,2021-03,ROCE,6.049927491704558,Version Difference
TATASTEEL,2022-03,ROE,29.93016916718366,Data Source Issue
TATASTEEL,2022-03,ROCE,21.60518683817183,Version Difference
TATASTEEL,2023-03,ROCE,5.19705013964623,Version Difference
TATASTEEL,2024-03,ROE,11.884926929972293,Data Source Issue
TCS,2013-03,ROE,35.99740777253152,Data Source Issue
TCS,2013-03,ROCE,20.6763568084778,Version Difference
TCS,2014-03,ROE,38.77667649151336,Data Source Issue
TCS,2014-03,ROCE,16.20333791319809,Version Difference
TCS,2015-03,ROE,39.09686580428557,Data Source Issue
TCS,2015-03,ROCE,19.817423960151388,Version Difference
TCS,2016-03,ROE,33.7241467807294,Data Source Issue
TCS,2016-03,ROCE,23.93234572402092,Version Difference
TCS,2017-03,ROE,30.051600900085834,Data Source Issue
TCS,2017-03,ROCE,29.24456839647179,Version Difference
TCS,2018-03,ROE,29.881278075368854,Data Source Issue
TCS,2018-03,ROCE,28.57291361639824,Version Difference
TCS,2019-03,ROE,34.766094403327145,Data Source Issue
TCS,2019-03,ROCE,22.460164454573892,Version Difference
TCS,2020-03,ROE,38.049526662387365,Data Source Issue
TCS,2020-03,ROCE,22.501516793066088,Version Difference
TCS,2021-03,ROE,37.153110964562146,Data Source Issue
TCS,2021-03,ROCE,19.216797554866915,Version Difference
TCS,2022-03,ROE,42.61375739014348,Data Source Issue
TCS,2022-03,ROCE,14.326300318697974,Version Difference
TCS,2023-03,ROE,46.26293373440679,Data Source Issue
TCS,2023-03,ROCE,9.019300391389422,Version Difference
TCS,2024-03,ROE,50.42431367348517,Data Source Issue
TECHM,2013-03,ROE,15.457725764835972,Data Source Issue
TECHM,2013-03,ROCE,6.054745812518364,Version Difference
TECHM,2014-03,ROE,24.71785449793073,Data Source Issue
TECHM,2014-03,ROCE,26.339916186485077,Version Difference
TECHM,2015-03,ROE,13.079666884389288,Data Source Issue
TECHM,2015-03,ROCE,15.764504170528264,Version Difference
TECHM,2016-03,ROE,12.115665136042763,Data Source Issue
TECHM,2016-03,ROCE,10.424958551205203,Version Difference
TECHM,2017-03,ROE,8.715014297012837,Data Source Issue
TECHM,2017-03,ROCE,6.10820086502275,Version Difference
TECHM,2018-03,ROE,11.462341983760547,Data Source Issue
TECHM,2018-03,ROCE,5.166854990583806,Version Difference
TECHM,2019-03,ROE,12.513702243036727,Data Source Issue
TECHM,2019-03,ROCE,11.177958798976706,Version Difference
TECHM,2020-03,ROE,9.235493054600466,Data Source Issue
TECHM,2021-03,ROE,8.876535290569072,Data Source Issue
TECHM,2021-03,ROCE,7.324951379384858,Version Difference
TECHM,2022-03,ROE,12.310266309603511,Data Source Issue
TECHM,2022-03,ROCE,10.130911062906724,Version Difference
TECHM,2023-03,ROE,8.7636398796734,Data Source Issue
TECHM,2023-03,ROCE,7.034255152621968,Version Difference
TITAN,2013-03,ROCE,25.929441624365484,Version Difference
TITAN,2014-03,ROCE,6.6993993993994,Version Difference
TITAN,2015-03,ROE,6.440856031128401,Data Source Issue
TITAN,2015-03,ROCE,10.6856783919598,Version Difference
TITAN,2016-03,ROE,13.652780153977758,Data Source Issue
TITAN,2017-03,ROE,16.43413654618474,Data Source Issue
TITAN,2017-03,ROCE,5.480049059689289,Version Difference
TITAN,2018-03,ROE,11.249705304518663,Data Source Issue
TITAN,2019-03,ROE,10.0169686985173,Data Source Issue
TITAN,2020-03,ROE,10.512835507572348,Data Source Issue
TITAN,2021-03,ROE,19.90813658796852,Data Source Issue
TITAN,2021-03,ROCE,12.422116482679863,Version Difference
TITAN,2022-03,ROE,9.273212942061697,Data Source Issue
TITAN,2023-03,ROE,5.273639355328662,Data Source Issue
TORNTPHARM,2013-03,ROE,6.390717299578057,Data Source Issue
TORNTPHARM,2013-03,ROCE,5.830732860520094,Version Difference
TORNTPHARM,2014-03,ROE,10.692275354703103,Data Source Issue
TORNTPHARM,2014-03,ROCE,5.399670510708404,Version Difference
TORNTPHARM,2015-03,ROE,5.948534725010035,Data Source Issue
TORNTPHARM,2015-03,ROCE,7.352169757216593,Version Difference
TORNTPHARM,2016-03,ROE,25.399313108185464,Data Source Issue
TORNTPHARM,2016-03,ROCE,19.47875470407116,Version Difference
TORNTPHARM,2017-03,ROCE,7.60460574260312,Version Difference
TORNTPHARM,2018-03,ROE,9.534198572355612,Data Source Issue
TORNTPHARM,2018-03,ROCE,14.720072169598556,Version Difference
TORNTPHARM,2019-03,ROE,14.972486772486771,Data Source Issue
TORNTPHARM,2019-03,ROCE,10.51766236179504,Version Difference
TORNTPHARM,2020-03,ROCE,8.908898944193062,Version Difference
TORNTPHARM,2021-03,ROCE,6.191038088125463,Version Difference
TORNTPHARM,2022-03,ROE,11.147757433226943,Data Source Issue
TORNTPHARM,2022-03,ROCE,5.550593634640325,Version Difference
TRENT,2013-03,ROE,29.393338748984565,Data Source Issue
TRENT,2013-03,ROCE,26.341296060991105,Version Difference
TRENT,2014-03,ROE,29.11725529767911,Data Source Issue
TRENT,2014-03,ROCE,28.637490551776267,Version Difference
TRENT,2015-03,ROE,18.128270042194092,Data Source Issue
TRENT,2015-03,ROCE,23.030313795145055,Version Difference
TRENT,2016-03,ROE,23.443169398907102,Data Source Issue
TRENT,2016-03,ROCE,21.063948497854078,Version Difference
TRENT,2017-03,ROE,21.705494505494507,Data Source Issue
TRENT,2017-03,ROCE,19.00371325425477,Version Difference
TRENT,2018-03,ROE,21.745454545454546,Data Source Issue
TRENT,2018-03,ROCE,15.642900302114803,Version Difference
TRENT,2019-03,ROE,21.428432563791006,Data Source Issue
TRENT,2019-03,ROCE,14.96822429906542,Version Difference
TRENT,2020-03,ROE,22.76113902847571,Data Source Issue
TRENT,2020-03,ROCE,13.308928571428572,Version Difference
TRENT,2021-03,ROE,35.025335062689145,Data Source Issue
TRENT,2021-03,ROCE,29.2726368159204,Version Difference
TRENT,2022-03,ROE,25.719458544839256,Data Source Issue
TRENT,2022-03,ROCE,19.793793200733532,Version Difference
TRENT,2023-03,ROE,12.022804314329738,Data Source Issue
TRENT,2023-03,ROCE,15.018130311614732,Version Difference
TRENT,2024-03,ROE,9.10776794493609,Data Source Issue
INDIGO,2013-03,ROCE,53624.85064935065,Version Difference
INDIGO,2014-03,ROCE,56812.456521739135,Version Difference
INDIGO,2015-03,ROCE,38528.13157894737,Version Difference
INDIGO,2016-03,ROCE,9051.919213973799,Version Difference
INDIGO,2017-03,ROCE,10578.833333333334,Version Difference
INDIGO,2018-03,ROCE,12672.902597402597,Version Difference
INDIGO,2019-03,ROCE,12827.112903225809,Version Difference
INDIGO,2020-03,ROCE,10886.129921259842,Version Difference
INDIGO,2021-03,ROCE,1710.0549738219895,Version Difference
INDIGO,2022-03,ROCE,3042.7205438066467,Version Difference
INDIGO,2023-03,ROCE,5403.2566539923955,Version Difference
INDIGO,2024-03,ROCE,4929.040772532189,Version Difference
